,participant,parent index,left child index,right child index,path_resp.keys,path_resp.rt,left distance,right distance,parent cluster,left child cluster,right child cluster,left_option,right_option,left_right_option,left_right_distance,right_closer,walk_length
0,241032.0,5.0,8.0,2.0,right,3.3533050464466214,2.0,2.0,B,B,A,within,across,within_across,0.0,1,300.0
1,241032.0,2.0,0.0,8.0,right,7.79804546944797,2.0,4.0,A,A,B,within,across,within_across,-2.0,1,300.0
2,241032.0,5.0,4.0,6.0,right,1.738303592428565,1.0,1.0,B,A,B,across,within,across_within,0.0,1,300.0
3,241032.0,2.0,4.0,9.0,right,1.3998434618115425,1.0,5.0,A,A,B,within,across,within_across,-4.0,1,300.0
4,241032.0,4.0,7.0,1.0,left,1.290385608561337,2.0,2.0,A,B,A,across,within,across_within,0.0,0,300.0
5,241032.0,5.0,3.0,8.0,right,2.1619601929560304,2.0,2.0,B,A,B,across,within,across_within,0.0,1,300.0
6,241032.0,6.0,5.0,2.0,left,5.951337174512446,1.0,3.0,B,B,A,within,across,within_across,-2.0,0,300.0
7,241032.0,6.0,0.0,9.0,left,1.4438430275768042,5.0,2.0,B,A,B,across,within,across_within,3.0,0,300.0
8,241032.0,9.0,4.0,7.0,right,1.0213026637211442,4.0,2.0,B,A,B,across,within,across_within,2.0,1,300.0
9,241032.0,0.0,3.0,7.0,left,0.999890730716288,2.0,5.0,A,A,B,within,across,within_across,-3.0,0,300.0
10,241032.0,3.0,8.0,1.0,right,2.2357262587174773,4.0,1.0,A,B,A,across,within,across_within,3.0,1,300.0
11,241032.0,4.0,6.0,1.0,left,1.805322133935988,2.0,2.0,A,B,A,across,within,across_within,0.0,0,300.0
12,241032.0,4.0,5.0,3.0,right,2.4633155837655067,1.0,1.0,A,B,A,across,within,across_within,0.0,1,300.0
13,241032.0,2.0,1.0,3.0,left,0.9362221052870154,1.0,1.0,A,A,A,within,within,within_within,0.0,0,300.0
14,241032.0,6.0,9.0,1.0,left,1.349468550644815,2.0,4.0,B,B,A,within,across,within_across,-2.0,0,300.0
15,241032.0,5.0,1.0,9.0,right,0.6676163822412491,3.0,3.0,B,A,B,across,within,across_within,0.0,1,300.0
16,241032.0,5.0,7.0,6.0,right,0.539814586751163,1.0,1.0,B,B,B,within,within,within_within,0.0,1,300.0
17,241032.0,6.0,8.0,0.0,left,1.9139834083616731,1.0,5.0,B,B,A,within,across,within_across,-4.0,0,300.0
18,241032.0,4.0,5.0,2.0,left,0.6172263799235225,1.0,1.0,A,B,A,across,within,across_within,0.0,0,300.0
19,241032.0,4.0,8.0,0.0,left,0.9060330176725984,3.0,3.0,A,B,A,across,within,across_within,0.0,0,300.0
20,242000.0,4.0,1.0,7.0,right,3.5846948623657227,2.0,2.0,A,A,B,within,across,within_across,0.0,1,300.0
21,242000.0,5.0,3.0,8.0,left,5.882223129272461,2.0,2.0,B,A,B,across,within,across_within,0.0,0,300.0
22,242000.0,5.0,8.0,2.0,right,1.3311290740966797,2.0,2.0,B,B,A,within,across,within_across,0.0,1,300.0
23,242000.0,7.0,4.0,5.0,right,1.9490220546722408,2.0,1.0,B,A,B,across,within,across_within,1.0,1,300.0
24,242000.0,2.0,0.0,8.0,left,1.067828893661499,2.0,4.0,A,A,B,within,across,within_across,-2.0,0,300.0
25,242000.0,3.0,8.0,6.0,right,1.360023021697998,4.0,3.0,A,B,B,across,across,across_across,1.0,1,300.0
26,242000.0,4.0,1.0,6.0,left,2.483381986618042,2.0,2.0,A,A,B,within,across,within_across,0.0,0,300.0
27,242000.0,1.0,3.0,4.0,left,2.16422700881958,1.0,2.0,A,A,A,within,within,within_within,-1.0,0,300.0
28,242000.0,3.0,5.0,4.0,right,1.29426908493042,2.0,1.0,A,B,A,across,within,across_within,1.0,1,300.0
29,242000.0,5.0,6.0,4.0,right,3.1113970279693604,1.0,1.0,B,B,A,within,across,within_across,0.0,1,300.0
30,242000.0,4.0,5.0,3.0,right,1.179671049118042,1.0,1.0,A,B,A,across,within,across_within,0.0,1,300.0
31,242000.0,0.0,7.0,8.0,right,1.581334114074707,5.0,6.0,A,B,B,across,across,across_across,-1.0,1,300.0
32,242000.0,7.0,5.0,6.0,right,1.1474058628082275,1.0,1.0,B,B,B,within,within,within_within,0.0,1,300.0
33,242000.0,5.0,1.0,9.0,left,0.9644060134887696,3.0,3.0,B,A,B,across,within,across_within,0.0,0,300.0
34,242000.0,4.0,0.0,8.0,right,0.8999099731445312,3.0,3.0,A,A,B,within,across,within_across,0.0,1,300.0
35,242000.0,7.0,5.0,0.0,left,4.506491184234619,1.0,5.0,B,B,A,within,across,within_across,-4.0,0,300.0
36,242000.0,5.0,6.0,7.0,left,2.8684170246124268,1.0,1.0,B,B,B,within,within,within_within,0.0,0,300.0
37,242000.0,3.0,1.0,0.0,right,1.5705080032348633,1.0,2.0,A,A,A,within,within,within_within,-1.0,1,300.0
38,242000.0,4.0,5.0,2.0,right,1.769529104232788,1.0,1.0,A,B,A,across,within,across_within,0.0,1,300.0
39,242000.0,6.0,4.0,0.0,left,1.4998700618743896,2.0,5.0,B,A,A,across,across,across_across,-3.0,0,300.0
40,242001.0,5.0,8.0,3.0,left,2.56577205657959,2.0,2.0,B,B,A,within,across,within_across,0.0,0,300.0
41,242001.0,4.0,1.0,6.0,left,0.6669371128082275,2.0,2.0,A,A,B,within,across,within_across,0.0,0,300.0
42,242001.0,4.0,5.0,3.0,right,0.3926570415496826,1.0,1.0,A,B,A,across,within,across_within,0.0,1,300.0
43,242001.0,5.0,6.0,7.0,left,0.482900857925415,1.0,1.0,B,B,B,within,within,within_within,0.0,0,300.0
44,242001.0,8.0,5.0,6.0,left,0.5775132179260254,2.0,1.0,B,B,B,within,within,within_within,1.0,0,300.0
45,242001.0,5.0,8.0,2.0,left,0.6616599559783936,2.0,2.0,B,B,A,within,across,within_across,0.0,0,300.0
46,242001.0,3.0,5.0,6.0,left,1.1306378841400146,2.0,3.0,A,B,B,across,across,across_across,-1.0,0,300.0
47,242001.0,5.0,4.0,8.0,right,0.1705641746520996,1.0,2.0,B,A,B,across,within,across_within,-1.0,1,300.0
48,242001.0,5.0,4.0,3.0,left,0.911322832107544,1.0,2.0,B,A,A,across,across,across_across,-1.0,0,300.0
49,242001.0,4.0,2.0,5.0,left,0.2271668910980224,1.0,1.0,A,A,B,within,across,within_across,0.0,0,300.0
50,242001.0,6.0,0.0,8.0,left,0.2616610527038574,5.0,1.0,B,A,B,across,within,across_within,4.0,0,300.0
51,242001.0,2.0,6.0,8.0,left,0.7953550815582275,3.0,4.0,A,B,B,across,across,across_across,-1.0,0,300.0
52,242001.0,5.0,4.0,6.0,right,0.903815984725952,1.0,1.0,B,A,B,across,within,across_within,0.0,1,300.0
53,242001.0,5.0,9.0,1.0,right,1.0769150257110596,3.0,3.0,B,B,A,within,across,within_across,0.0,1,300.0
54,242001.0,4.0,7.0,1.0,left,1.0622971057891846,2.0,2.0,A,B,A,across,within,across_within,0.0,0,300.0
55,242001.0,6.0,7.0,8.0,left,0.9159390926361084,1.0,1.0,B,B,B,within,within,within_within,0.0,0,300.0
56,242001.0,9.0,0.0,5.0,right,0.7374448776245117,7.0,3.0,B,A,B,across,within,across_within,4.0,1,300.0
57,242001.0,5.0,0.0,9.0,left,1.2447891235351562,4.0,3.0,B,A,B,across,within,across_within,1.0,0,300.0
58,242001.0,1.0,2.0,9.0,left,0.495323896408081,1.0,6.0,A,A,B,within,across,within_across,-5.0,0,300.0
59,242001.0,4.0,8.0,0.0,right,0.3277490139007568,3.0,3.0,A,B,A,across,within,across_within,0.0,1,300.0
60,242003.0,4.0,8.0,0.0,left,6.508028984069824,3.0,3.0,A,B,A,across,within,across_within,0.0,0,300.0
61,242003.0,1.0,4.0,9.0,left,3.497051954269409,2.0,6.0,A,A,B,within,across,within_across,-4.0,0,300.0
62,242003.0,4.0,6.0,1.0,right,5.6509270668029785,2.0,2.0,A,B,A,across,within,across_within,0.0,1,300.0
63,242003.0,2.0,6.0,3.0,right,2.3033721446990967,3.0,1.0,A,B,A,across,within,across_within,2.0,1,300.0
64,242003.0,5.0,9.0,1.0,right,1.7293550968170166,3.0,3.0,B,B,A,within,across,within_across,0.0,1,300.0
65,242003.0,2.0,1.0,8.0,left,2.3319430351257324,1.0,4.0,A,A,B,within,across,within_across,-3.0,0,300.0
66,242003.0,8.0,1.0,3.0,right,4.650023937225342,5.0,4.0,B,A,A,across,across,across_across,1.0,1,300.0
67,242003.0,5.0,2.0,8.0,right,1.743563890457153,2.0,2.0,B,A,B,across,within,across_within,0.0,1,300.0
68,242003.0,4.0,5.0,3.0,left,1.316715955734253,1.0,1.0,A,B,A,across,within,across_within,0.0,0,300.0
69,242003.0,9.0,5.0,8.0,right,1.5568389892578125,3.0,1.0,B,B,B,within,within,within_within,2.0,1,300.0
70,242003.0,0.0,2.0,4.0,left,4.230501174926758,2.0,3.0,A,A,A,within,within,within_within,-1.0,0,300.0
71,242003.0,4.0,1.0,7.0,right,1.3500680923461914,2.0,2.0,A,A,B,within,across,within_across,0.0,1,300.0
72,242003.0,7.0,0.0,6.0,right,6.178481101989746,5.0,1.0,B,A,B,across,within,across_within,4.0,1,300.0
73,242003.0,5.0,3.0,8.0,left,3.365576982498169,2.0,2.0,B,A,B,across,within,across_within,0.0,0,300.0
74,242003.0,7.0,6.0,2.0,left,1.5313100814819336,1.0,3.0,B,B,A,within,across,within_across,-2.0,0,300.0
75,242003.0,1.0,9.0,0.0,left,2.478831052780152,6.0,1.0,A,B,A,across,within,across_within,5.0,0,300.0
76,242003.0,4.0,2.0,5.0,right,3.842716932296753,1.0,1.0,A,A,B,within,across,within_across,0.0,1,300.0
77,242003.0,7.0,8.0,1.0,left,2.601968050003052,1.0,4.0,B,B,A,within,across,within_across,-3.0,0,300.0
78,242003.0,5.0,6.0,7.0,right,5.580756187438965,1.0,1.0,B,B,B,within,within,within_within,0.0,1,300.0
79,242003.0,5.0,6.0,4.0,right,5.564673185348511,1.0,1.0,B,B,A,within,across,within_across,0.0,1,300.0
80,242004.0,5.0,4.0,6.0,right,11.558059930801392,1.0,1.0,B,A,B,across,within,across_within,0.0,1,300.0
81,242004.0,3.0,5.0,1.0,left,2.402769088745117,2.0,1.0,A,B,A,across,within,across_within,1.0,0,300.0
82,242004.0,7.0,1.0,5.0,left,3.00645112991333,4.0,1.0,B,A,B,across,within,across_within,3.0,0,300.0
83,242004.0,1.0,3.0,9.0,left,3.488018035888672,1.0,6.0,A,A,B,within,across,within_across,-5.0,0,300.0
84,242004.0,1.0,3.0,2.0,left,3.347352981567383,1.0,1.0,A,A,A,within,within,within_within,0.0,0,300.0
85,242004.0,4.0,0.0,8.0,left,4.21605110168457,3.0,3.0,A,A,B,within,across,within_across,0.0,0,300.0
86,242004.0,7.0,5.0,3.0,right,2.210833072662353,1.0,3.0,B,B,A,within,across,within_across,-2.0,1,300.0
87,242004.0,6.0,3.0,9.0,left,2.218907833099365,3.0,2.0,B,A,B,across,within,across_within,1.0,0,300.0
88,242004.0,4.0,5.0,2.0,left,3.3877618312835693,1.0,1.0,A,B,A,across,within,across_within,0.0,0,300.0
89,242004.0,5.0,7.0,6.0,left,3.95058012008667,1.0,1.0,B,B,B,within,within,within_within,0.0,0,300.0
90,242004.0,4.0,1.0,7.0,right,1.9231860637664795,2.0,2.0,A,A,B,within,across,within_across,0.0,1,300.0
91,242004.0,5.0,9.0,1.0,left,3.264652967453003,3.0,3.0,B,B,A,within,across,within_across,0.0,0,300.0
92,242004.0,8.0,9.0,1.0,right,1.5003759860992432,1.0,5.0,B,B,A,within,across,within_across,-4.0,1,300.0
93,242004.0,8.0,0.0,3.0,right,5.795737028121948,6.0,4.0,B,A,A,across,across,across_across,2.0,1,300.0
94,242004.0,9.0,8.0,6.0,left,2.22960901260376,1.0,2.0,B,B,B,within,within,within_within,-1.0,0,300.0
95,242004.0,4.0,6.0,1.0,left,1.5177149772644043,2.0,2.0,A,B,A,across,within,across_within,0.0,0,300.0
96,242004.0,5.0,8.0,3.0,left,1.5969438552856443,2.0,2.0,B,B,A,within,across,within_across,0.0,0,300.0
97,242004.0,3.0,6.0,9.0,right,4.709216833114624,3.0,5.0,A,B,B,across,across,across_across,-2.0,1,300.0
98,242004.0,4.0,5.0,3.0,left,5.209255933761597,1.0,1.0,A,B,A,across,within,across_within,0.0,0,300.0
99,242004.0,5.0,2.0,8.0,right,7.554797887802124,2.0,2.0,B,A,B,across,within,across_within,0.0,1,300.0
100,242006.0,0.0,7.0,3.0,right,6.690225124359131,5.0,2.0,A,B,A,across,within,across_within,3.0,1,300.0
101,242006.0,5.0,1.0,9.0,right,1.424950122833252,3.0,3.0,B,A,B,across,within,across_within,0.0,1,300.0
102,242006.0,3.0,2.0,7.0,left,2.597477912902832,1.0,3.0,A,A,B,within,across,within_across,-2.0,0,300.0
103,242006.0,7.0,1.0,4.0,right,2.385730028152466,4.0,2.0,B,A,A,across,across,across_across,2.0,1,300.0
104,242006.0,5.0,7.0,6.0,right,1.7383239269256592,1.0,1.0,B,B,B,within,within,within_within,0.0,1,300.0
105,242006.0,5.0,3.0,8.0,right,2.544213056564331,2.0,2.0,B,A,B,across,within,across_within,0.0,1,300.0
106,242006.0,1.0,0.0,9.0,right,1.02485990524292,1.0,6.0,A,A,B,within,across,within_across,-5.0,1,300.0
107,242006.0,4.0,6.0,1.0,left,1.4551961421966553,2.0,2.0,A,B,A,across,within,across_within,0.0,0,300.0
108,242006.0,4.0,1.0,6.0,right,1.4410929679870603,2.0,2.0,A,A,B,within,across,within_across,0.0,1,300.0
109,242006.0,2.0,8.0,6.0,left,3.437241077423096,4.0,3.0,A,B,B,across,across,across_across,1.0,0,300.0
110,242006.0,6.0,2.0,9.0,left,4.782724857330322,3.0,2.0,B,A,B,across,within,across_within,1.0,0,300.0
111,242006.0,4.0,5.0,2.0,left,2.6735801696777344,1.0,1.0,A,B,A,across,within,across_within,0.0,0,300.0
112,242006.0,6.0,2.0,0.0,left,1.4464409351348877,3.0,5.0,B,A,A,across,across,across_across,-2.0,0,300.0
113,242006.0,4.0,2.0,7.0,right,2.025597095489502,1.0,2.0,A,A,B,within,across,within_across,-1.0,1,300.0
114,242006.0,5.0,6.0,4.0,left,0.816680908203125,1.0,1.0,B,B,A,within,across,within_across,0.0,0,300.0
115,242006.0,4.0,7.0,1.0,left,0.737990140914917,2.0,2.0,A,B,A,across,within,across_within,0.0,0,300.0
116,242006.0,5.0,2.0,8.0,right,0.6426129341125488,2.0,2.0,B,A,B,across,within,across_within,0.0,1,300.0
117,242006.0,3.0,6.0,9.0,right,1.026127815246582,3.0,5.0,A,B,B,across,across,across_across,-2.0,1,300.0
118,242006.0,4.0,8.0,0.0,left,0.9141929149627686,3.0,3.0,A,B,A,across,within,across_within,0.0,0,300.0
119,242006.0,4.0,5.0,3.0,left,1.9515368938446045,1.0,1.0,A,B,A,across,within,across_within,0.0,0,300.0
120,242007.0,4.0,8.0,3.0,left,4.683899879455566,3.0,1.0,A,B,A,across,within,across_within,2.0,0,300.0
121,242007.0,9.0,3.0,0.0,left,1.955307960510254,5.0,7.0,B,A,A,across,across,across_across,-2.0,0,300.0
122,242007.0,2.0,6.0,0.0,left,1.79724383354187,3.0,2.0,A,B,A,across,within,across_within,1.0,0,300.0
123,242007.0,5.0,6.0,7.0,right,1.9604871273040767,1.0,1.0,B,B,B,within,within,within_within,0.0,1,300.0
124,242007.0,0.0,1.0,6.0,left,2.324812889099121,1.0,5.0,A,A,B,within,across,within_across,-4.0,0,300.0
125,242007.0,7.0,0.0,6.0,right,1.6904590129852295,5.0,1.0,B,A,B,across,within,across_within,4.0,1,300.0
126,242007.0,5.0,2.0,8.0,left,5.03219199180603,2.0,2.0,B,A,B,across,within,across_within,0.0,0,300.0
127,242007.0,8.0,6.0,2.0,right,2.288275957107544,1.0,4.0,B,B,A,within,across,within_across,-3.0,1,300.0
128,242007.0,1.0,3.0,4.0,right,3.359531879425049,1.0,2.0,A,A,A,within,within,within_within,-1.0,1,300.0
129,242007.0,4.0,7.0,1.0,right,3.194208860397339,2.0,2.0,A,B,A,across,within,across_within,0.0,1,300.0
130,242007.0,5.0,3.0,8.0,left,1.9229140281677248,2.0,2.0,B,A,B,across,within,across_within,0.0,0,300.0
131,242007.0,2.0,8.0,4.0,right,3.2631750106811523,4.0,1.0,A,B,A,across,within,across_within,3.0,1,300.0
132,242007.0,8.0,0.0,5.0,left,3.1761038303375244,6.0,2.0,B,A,B,across,within,across_within,4.0,0,300.0
133,242007.0,4.0,6.0,1.0,left,2.3696601390838623,2.0,2.0,A,B,A,across,within,across_within,0.0,0,300.0
134,242007.0,4.0,0.0,8.0,left,7.246965169906616,3.0,3.0,A,A,B,within,across,within_across,0.0,0,300.0
135,242007.0,5.0,6.0,4.0,right,1.8841779232025144,1.0,1.0,B,B,A,within,across,within_across,0.0,1,300.0
136,242007.0,5.0,1.0,9.0,right,1.9837138652801516,3.0,3.0,B,A,B,across,within,across_within,0.0,1,300.0
137,242007.0,4.0,5.0,8.0,left,2.909941911697388,1.0,3.0,A,B,B,across,across,across_across,-2.0,0,300.0
138,242007.0,4.0,5.0,3.0,left,3.898396015167236,1.0,1.0,A,B,A,across,within,across_within,0.0,0,300.0
139,242007.0,4.0,2.0,5.0,right,2.655611038208008,1.0,1.0,A,A,B,within,across,within_across,0.0,1,300.0
140,242008.0,2.0,3.0,8.0,right,9.631364107131958,1.0,4.0,A,A,B,within,across,within_across,-3.0,1,300.0
141,242008.0,3.0,2.0,8.0,right,2.5846238136291504,1.0,4.0,A,A,B,within,across,within_across,-3.0,1,300.0
142,242008.0,5.0,2.0,8.0,right,1.7123899459838867,2.0,2.0,B,A,B,across,within,across_within,0.0,1,300.0
143,242008.0,4.0,8.0,2.0,left,2.8574578762054443,3.0,1.0,A,B,A,across,within,across_within,2.0,0,300.0
144,242008.0,5.0,3.0,8.0,right,4.534930944442749,2.0,2.0,B,A,B,across,within,across_within,0.0,1,300.0
145,242008.0,2.0,9.0,1.0,right,6.141748905181885,5.0,1.0,A,B,A,across,within,across_within,4.0,1,300.0
146,242008.0,4.0,1.0,7.0,left,4.302008867263794,2.0,2.0,A,A,B,within,across,within_across,0.0,0,300.0
147,242008.0,5.0,6.0,7.0,right,2.916231155395508,1.0,1.0,B,B,B,within,within,within_within,0.0,1,300.0
148,242008.0,6.0,8.0,9.0,right,2.254242181777954,1.0,2.0,B,B,B,within,within,within_within,-1.0,1,300.0
149,242008.0,4.0,6.0,1.0,right,7.706053018569946,2.0,2.0,A,B,A,across,within,across_within,0.0,1,300.0
150,242008.0,4.0,0.0,8.0,right,2.6300270557403564,3.0,3.0,A,A,B,within,across,within_across,0.0,1,300.0
151,242008.0,4.0,3.0,5.0,right,2.8597068786621094,1.0,1.0,A,A,B,within,across,within_across,0.0,1,300.0
152,242008.0,4.0,9.0,7.0,left,1.3157680034637451,4.0,2.0,A,B,B,across,across,across_across,2.0,0,300.0
153,242008.0,4.0,2.0,0.0,left,4.559508085250855,1.0,3.0,A,A,A,within,within,within_within,-2.0,0,300.0
154,242008.0,0.0,8.0,6.0,right,9.243393898010254,6.0,5.0,A,B,B,across,across,across_across,1.0,1,300.0
155,242008.0,2.0,1.0,8.0,left,12.5487961769104,1.0,4.0,A,A,B,within,across,within_across,-3.0,0,300.0
156,242008.0,5.0,1.0,9.0,left,13.07290005683899,3.0,3.0,B,A,B,across,within,across_within,0.0,0,300.0
157,242008.0,5.0,6.0,4.0,left,6.08724308013916,1.0,1.0,B,B,A,within,across,within_across,0.0,0,300.0
158,242008.0,4.0,2.0,5.0,right,2.537242889404297,1.0,1.0,A,A,B,within,across,within_across,0.0,1,300.0
159,242008.0,0.0,3.0,1.0,right,5.2083940505981445,2.0,1.0,A,A,A,within,within,within_within,1.0,1,300.0
160,242009.0,2.0,1.0,5.0,left,3.775240898132324,1.0,2.0,A,A,B,within,across,within_across,-1.0,0,300.0
161,242009.0,8.0,7.0,5.0,left,3.408729076385498,1.0,2.0,B,B,B,within,within,within_within,-1.0,0,300.0
162,242009.0,7.0,6.0,8.0,left,1.82715916633606,1.0,1.0,B,B,B,within,within,within_within,0.0,0,300.0
163,242009.0,4.0,8.0,0.0,left,3.9156219959259033,3.0,3.0,A,B,A,across,within,across_within,0.0,0,300.0
164,242009.0,4.0,1.0,7.0,right,3.4237911701202397,2.0,2.0,A,A,B,within,across,within_across,0.0,1,300.0
165,242009.0,5.0,3.0,8.0,left,2.798299789428711,2.0,2.0,B,A,B,across,within,across_within,0.0,0,300.0
166,242009.0,0.0,2.0,6.0,left,3.215131998062134,2.0,5.0,A,A,B,within,across,within_across,-3.0,0,300.0
167,242009.0,3.0,2.0,1.0,right,4.384006023406982,1.0,1.0,A,A,A,within,within,within_within,0.0,1,300.0
168,242009.0,3.0,8.0,0.0,right,4.19429087638855,4.0,2.0,A,B,A,across,within,across_within,2.0,1,300.0
169,242009.0,5.0,7.0,6.0,left,5.332842111587524,1.0,1.0,B,B,B,within,within,within_within,0.0,0,300.0
170,242009.0,5.0,2.0,8.0,left,6.027616024017334,2.0,2.0,B,A,B,across,within,across_within,0.0,0,300.0
171,242009.0,4.0,1.0,6.0,right,2.3291239738464355,2.0,2.0,A,A,B,within,across,within_across,0.0,1,300.0
172,242009.0,9.0,2.0,7.0,right,7.285485029220581,5.0,2.0,B,A,B,across,within,across_within,3.0,1,300.0
173,242009.0,3.0,2.0,4.0,left,1.7411069869995115,1.0,1.0,A,A,A,within,within,within_within,0.0,0,300.0
174,242009.0,4.0,5.0,3.0,left,1.73557710647583,1.0,1.0,A,B,A,across,within,across_within,0.0,0,300.0
175,242009.0,5.0,1.0,9.0,right,1.6812307834625244,3.0,3.0,B,A,B,across,within,across_within,0.0,1,300.0
176,242009.0,4.0,5.0,2.0,left,2.414535999298096,1.0,1.0,A,B,A,across,within,across_within,0.0,0,300.0
177,242009.0,5.0,7.0,6.0,right,5.495959997177124,1.0,1.0,B,B,B,within,within,within_within,0.0,1,300.0
178,242009.0,9.0,3.0,5.0,left,2.8221919536590576,5.0,3.0,B,A,B,across,within,across_within,2.0,0,300.0
179,242009.0,5.0,6.0,4.0,left,1.9761478900909424,1.0,1.0,B,B,A,within,across,within_across,0.0,0,300.0
180,242010.0,5.0,9.0,1.0,right,3.4664900302886963,3.0,3.0,B,B,A,within,across,within_across,0.0,1,300.0
181,242010.0,4.0,5.0,2.0,right,2.1857800483703613,1.0,1.0,A,B,A,across,within,across_within,0.0,1,300.0
182,242010.0,5.0,8.0,2.0,left,3.608633995056152,2.0,2.0,B,B,A,within,across,within_across,0.0,0,300.0
183,242010.0,5.0,3.0,8.0,left,3.2643630504608154,2.0,2.0,B,A,B,across,within,across_within,0.0,0,300.0
184,242010.0,4.0,5.0,3.0,right,6.295558929443359,1.0,1.0,A,B,A,across,within,across_within,0.0,1,300.0
185,242010.0,4.0,1.0,6.0,left,5.4120399951934814,2.0,2.0,A,A,B,within,across,within_across,0.0,0,300.0
186,242010.0,2.0,4.0,5.0,left,3.385709047317505,1.0,2.0,A,A,B,within,across,within_across,-1.0,0,300.0
187,242010.0,5.0,6.0,4.0,left,3.060642957687378,1.0,1.0,B,B,A,within,across,within_across,0.0,0,300.0
188,242010.0,8.0,1.0,4.0,left,4.764858961105347,5.0,3.0,B,A,A,across,across,across_across,2.0,0,300.0
189,242010.0,0.0,8.0,9.0,right,1.5167419910430908,6.0,7.0,A,B,B,across,across,across_across,-1.0,1,300.0
190,242010.0,0.0,2.0,7.0,right,2.795494794845581,2.0,5.0,A,A,B,within,across,within_across,-3.0,1,300.0
191,242010.0,4.0,7.0,1.0,right,5.980661153793335,2.0,2.0,A,B,A,across,within,across_within,0.0,1,300.0
192,242010.0,7.0,5.0,3.0,left,1.7442281246185305,1.0,3.0,B,B,A,within,across,within_across,-2.0,0,300.0
193,242010.0,6.0,9.0,3.0,right,1.5902109146118164,2.0,3.0,B,B,A,within,across,within_across,-1.0,1,300.0
194,242010.0,1.0,2.0,9.0,left,1.734809160232544,1.0,6.0,A,A,B,within,across,within_across,-5.0,0,300.0
195,242010.0,5.0,7.0,6.0,right,2.234755039215088,1.0,1.0,B,B,B,within,within,within_within,0.0,1,300.0
196,242010.0,3.0,6.0,7.0,left,1.396897792816162,3.0,3.0,A,B,B,across,across,across_across,0.0,0,300.0
197,242010.0,4.0,8.0,0.0,left,2.952160120010376,3.0,3.0,A,B,A,across,within,across_within,0.0,0,300.0
198,242010.0,2.0,1.0,5.0,right,13.921637058258057,1.0,2.0,A,A,B,within,across,within_across,-1.0,1,300.0
199,242010.0,2.0,5.0,6.0,left,2.186041116714477,2.0,3.0,A,B,B,across,across,across_across,-1.0,0,300.0
200,242011.0,0.0,8.0,5.0,right,10.501205921173096,6.0,4.0,A,B,B,across,across,across_across,2.0,1,300.0
201,242011.0,5.0,1.0,7.0,right,2.928138971328736,3.0,1.0,B,A,B,across,within,across_within,2.0,1,300.0
202,242011.0,5.0,4.0,6.0,right,2.0765039920806885,1.0,1.0,B,A,B,across,within,across_within,0.0,1,300.0
203,242011.0,0.0,4.0,3.0,left,2.045046091079712,3.0,2.0,A,A,A,within,within,within_within,1.0,0,300.0
204,242011.0,4.0,2.0,5.0,left,3.445908069610596,1.0,1.0,A,A,B,within,across,within_across,0.0,0,300.0
205,242011.0,5.0,6.0,7.0,right,3.1431829929351807,1.0,1.0,B,B,B,within,within,within_within,0.0,1,300.0
206,242011.0,1.0,7.0,8.0,left,4.457499027252197,4.0,5.0,A,B,B,across,across,across_across,-1.0,0,300.0
207,242011.0,4.0,8.0,0.0,left,1.8885738849639893,3.0,3.0,A,B,A,across,within,across_within,0.0,0,300.0
208,242011.0,9.0,4.0,1.0,left,2.294625997543335,4.0,6.0,B,A,A,across,across,across_across,-2.0,0,300.0
209,242011.0,4.0,5.0,3.0,right,2.036984920501709,1.0,1.0,A,B,A,across,within,across_within,0.0,1,300.0
210,242011.0,3.0,9.0,7.0,right,5.493760824203491,5.0,3.0,A,B,B,across,across,across_across,2.0,1,300.0
211,242011.0,5.0,1.0,9.0,left,8.538525104522705,3.0,3.0,B,A,B,across,within,across_within,0.0,0,300.0
212,242011.0,1.0,2.0,9.0,left,1.6284849643707275,1.0,6.0,A,A,B,within,across,within_across,-5.0,0,300.0
213,242011.0,5.0,2.0,8.0,left,1.4608700275421145,2.0,2.0,B,A,B,across,within,across_within,0.0,0,300.0
214,242011.0,7.0,6.0,2.0,left,1.5496418476104736,1.0,3.0,B,B,A,within,across,within_across,-2.0,0,300.0
215,242011.0,4.0,1.0,6.0,right,2.945103883743286,2.0,2.0,A,A,B,within,across,within_across,0.0,1,300.0
216,242011.0,5.0,3.0,8.0,left,1.3957068920135498,2.0,2.0,B,A,B,across,within,across_within,0.0,0,300.0
217,242011.0,4.0,7.0,1.0,right,1.0379691123962402,2.0,2.0,A,B,A,across,within,across_within,0.0,1,300.0
218,242011.0,5.0,9.0,1.0,right,1.4155900478363037,3.0,3.0,B,B,A,within,across,within_across,0.0,1,300.0
219,242011.0,6.0,2.0,3.0,left,1.504828929901123,3.0,3.0,B,A,A,across,across,across_across,0.0,0,300.0
220,242012.0,6.0,2.0,5.0,right,8.003625826444477,3.0,1.0,B,A,B,across,within,across_within,2.0,1,300.0
221,242012.0,4.0,1.0,6.0,left,1.5085342144593596,2.0,2.0,A,A,B,within,across,within_across,0.0,0,300.0
222,242012.0,1.0,2.0,6.0,left,4.579428597353399,1.0,4.0,A,A,B,within,across,within_across,-3.0,0,300.0
223,242012.0,4.0,0.0,8.0,right,4.21538108587265,3.0,3.0,A,A,B,within,across,within_across,0.0,1,300.0
224,242012.0,5.0,8.0,3.0,right,7.729072111658752,2.0,2.0,B,B,A,within,across,within_across,0.0,1,300.0
225,242012.0,0.0,5.0,4.0,left,6.44585287803784,4.0,3.0,A,B,A,across,within,across_within,1.0,0,300.0
226,242012.0,8.0,0.0,9.0,left,2.0628708987496798,6.0,1.0,B,A,B,across,within,across_within,5.0,0,300.0
227,242012.0,0.0,3.0,4.0,left,5.079718675464392,2.0,3.0,A,A,A,within,within,within_within,-1.0,0,300.0
228,242012.0,8.0,1.0,4.0,left,5.246613842900842,5.0,3.0,B,A,A,across,across,across_across,2.0,0,300.0
229,242012.0,4.0,7.0,1.0,right,2.7674852847121656,2.0,2.0,A,B,A,across,within,across_within,0.0,1,300.0
230,242012.0,5.0,7.0,6.0,right,6.940298832021654,1.0,1.0,B,B,B,within,within,within_within,0.0,1,300.0
231,242012.0,5.0,1.0,9.0,left,4.128692988306284,3.0,3.0,B,A,B,across,within,across_within,0.0,0,300.0
232,242012.0,6.0,7.0,1.0,left,2.142636361066252,1.0,4.0,B,B,A,within,across,within_across,-3.0,0,300.0
233,242012.0,5.0,6.0,4.0,left,6.306850795634091,1.0,1.0,B,B,A,within,across,within_across,0.0,0,300.0
234,242012.0,4.0,2.0,5.0,right,2.409914274699986,1.0,1.0,A,A,B,within,across,within_across,0.0,1,300.0
235,242012.0,4.0,5.0,3.0,right,1.828617827501148,1.0,1.0,A,B,A,across,within,across_within,0.0,1,300.0
236,242012.0,6.0,4.0,3.0,right,2.6387892784550786,2.0,3.0,B,A,A,across,across,across_across,-1.0,1,300.0
237,242012.0,2.0,1.0,0.0,right,1.9044909290969367,1.0,2.0,A,A,A,within,within,within_within,-1.0,1,300.0
238,242012.0,5.0,2.0,8.0,left,6.086699869949371,2.0,2.0,B,A,B,across,within,across_within,0.0,0,300.0
239,242012.0,9.0,8.0,5.0,right,5.942266594152898,1.0,3.0,B,B,B,within,within,within_within,-2.0,1,300.0
240,242013.0,7.0,1.0,5.0,right,4.097850221674889,4.0,1.0,B,A,B,across,within,across_within,3.0,1,1.0
241,242013.0,0.0,2.0,6.0,right,1.801073681563139,2.0,5.0,A,A,B,within,across,within_across,-3.0,1,1.0
242,242013.0,3.0,5.0,6.0,left,1.476216004230082,2.0,3.0,A,B,B,across,across,across_across,-1.0,0,1.0
243,242013.0,5.0,1.0,9.0,left,2.356378701515496,3.0,3.0,B,A,B,across,within,across_within,0.0,0,1.0
244,242013.0,8.0,0.0,4.0,right,1.512443176470697,6.0,3.0,B,A,A,across,across,across_across,3.0,1,1.0
245,242013.0,5.0,3.0,8.0,left,1.6392846149392426,2.0,2.0,B,A,B,across,within,across_within,0.0,0,1.0
246,242013.0,4.0,6.0,1.0,left,2.5610591927543283,2.0,2.0,A,B,A,across,within,across_within,0.0,0,1.0
247,242013.0,0.0,4.0,5.0,right,2.3658109209500253,3.0,4.0,A,A,B,within,across,within_across,-1.0,1,1.0
248,242013.0,5.0,7.0,6.0,left,1.4255395573563874,1.0,1.0,B,B,B,within,within,within_within,0.0,0,1.0
249,242013.0,4.0,0.0,8.0,right,1.6837103446014223,3.0,3.0,A,A,B,within,across,within_across,0.0,1,1.0
250,242013.0,4.0,2.0,5.0,left,3.995553442742676,1.0,1.0,A,A,B,within,across,within_across,0.0,0,1.0
251,242013.0,4.0,5.0,3.0,right,3.9745205105282366,1.0,1.0,A,B,A,across,within,across_within,0.0,1,1.0
252,242013.0,6.0,9.0,5.0,left,4.970202240161598,2.0,1.0,B,B,B,within,within,within_within,1.0,0,1.0
253,242013.0,8.0,4.0,1.0,right,1.5420492617413402,3.0,5.0,B,A,A,across,across,across_across,-2.0,1,1.0
254,242013.0,1.0,9.0,4.0,left,140.36608258634806,6.0,2.0,A,B,A,across,within,across_within,4.0,0,1.0
255,242013.0,9.0,5.0,0.0,left,3.237948323134333,3.0,7.0,B,B,A,within,across,within_across,-4.0,0,1.0
256,242013.0,4.0,1.0,7.0,right,1.6478538438677788,2.0,2.0,A,A,B,within,across,within_across,0.0,1,1.0
257,242013.0,5.0,6.0,4.0,left,1.7773358686827123,1.0,1.0,B,B,A,within,across,within_across,0.0,0,1.0
258,242013.0,2.0,5.0,8.0,right,1.9014660869725049,2.0,4.0,A,B,B,across,across,across_across,-2.0,1,1.0
259,242013.0,5.0,8.0,2.0,right,3.316613239236176,2.0,2.0,B,B,A,within,across,within_across,0.0,1,1.0
260,242014.0,7.0,0.0,2.0,left,10.569141839630902,5.0,3.0,B,A,A,across,across,across_across,2.0,0,300.0
261,242014.0,4.0,1.0,6.0,left,1.9322095443494616,2.0,2.0,A,A,B,within,across,within_across,0.0,0,300.0
262,242014.0,5.0,1.0,9.0,left,1.8502770983614028,3.0,3.0,B,A,B,across,within,across_within,0.0,0,300.0
263,242014.0,9.0,5.0,0.0,right,1.4757022550329566,3.0,7.0,B,B,A,within,across,within_across,-4.0,1,300.0
264,242014.0,5.0,3.0,1.0,right,5.683953333646059,2.0,3.0,B,A,A,across,across,across_across,-1.0,1,300.0
265,242014.0,1.0,7.0,8.0,left,2.2107452685013413,4.0,5.0,A,B,B,across,across,across_across,-1.0,0,300.0
266,242014.0,5.0,8.0,2.0,right,2.7815337013453245,2.0,2.0,B,B,A,within,across,within_across,0.0,1,300.0
267,242014.0,0.0,2.0,8.0,right,2.593589000403881,2.0,6.0,A,A,B,within,across,within_across,-4.0,1,300.0
268,242014.0,5.0,6.0,4.0,right,6.772432611789554,1.0,1.0,B,B,A,within,across,within_across,0.0,1,300.0
269,242014.0,5.0,7.0,6.0,left,1.9444559146650136,1.0,1.0,B,B,B,within,within,within_within,0.0,0,300.0
270,242014.0,4.0,1.0,7.0,left,1.6458969484083354,2.0,2.0,A,A,B,within,across,within_across,0.0,0,300.0
271,242014.0,4.0,0.0,8.0,left,6.446470463648439,3.0,3.0,A,A,B,within,across,within_across,0.0,0,300.0
272,242014.0,4.0,3.0,5.0,right,2.423534667585045,1.0,1.0,A,A,B,within,across,within_across,0.0,1,300.0
273,242014.0,8.0,7.0,6.0,right,9.785134172532707,1.0,1.0,B,B,B,within,within,within_within,0.0,1,300.0
274,242014.0,8.0,2.0,4.0,left,4.172278366051614,4.0,3.0,B,A,A,across,across,across_across,1.0,0,300.0
275,242014.0,6.0,9.0,5.0,left,3.464569410774857,2.0,1.0,B,B,B,within,within,within_within,1.0,0,300.0
276,242014.0,5.0,7.0,6.0,left,1.9522783663123848,1.0,1.0,B,B,B,within,within,within_within,0.0,0,300.0
277,242014.0,5.0,3.0,8.0,left,8.037472003139555,2.0,2.0,B,A,B,across,within,across_within,0.0,0,300.0
278,242014.0,4.0,5.0,2.0,left,6.10982220992446,1.0,1.0,A,B,A,across,within,across_within,0.0,0,300.0
279,242014.0,0.0,6.0,4.0,left,1.164225904736668,5.0,3.0,A,B,A,across,within,across_within,2.0,0,300.0
280,242015.0,5.0,6.0,7.0,right,8.802756497170776,1.0,1.0,B,B,B,within,within,within_within,0.0,1,1.0
281,242015.0,5.0,2.0,8.0,left,4.524987171404064,2.0,2.0,B,A,B,across,within,across_within,0.0,0,1.0
282,242015.0,4.0,7.0,1.0,right,3.4902611006982625,2.0,2.0,A,B,A,across,within,across_within,0.0,1,1.0
283,242015.0,7.0,3.0,2.0,right,10.83412750158459,3.0,3.0,B,A,A,across,across,across_across,0.0,1,1.0
284,242015.0,3.0,0.0,8.0,left,3.7141993422992527,2.0,4.0,A,A,B,within,across,within_across,-2.0,0,1.0
285,242015.0,5.0,4.0,6.0,left,3.993177578784525,1.0,1.0,B,A,B,across,within,across_within,0.0,0,1.0
286,242015.0,5.0,1.0,9.0,right,7.939581937156618,3.0,3.0,B,A,B,across,within,across_within,0.0,1,1.0
287,242015.0,4.0,5.0,2.0,right,5.080888043623418,1.0,1.0,A,B,A,across,within,across_within,0.0,1,1.0
288,242015.0,7.0,6.0,2.0,right,4.096813667565584,1.0,3.0,B,B,A,within,across,within_across,-2.0,1,1.0
289,242015.0,8.0,9.0,0.0,right,4.543138337787241,1.0,6.0,B,B,A,within,across,within_across,-5.0,1,1.0
290,242015.0,4.0,1.0,6.0,left,2.1643620394170284,2.0,2.0,A,A,B,within,across,within_across,0.0,0,1.0
291,242015.0,9.0,1.0,0.0,left,3.617185245268047,6.0,7.0,B,A,A,across,across,across_across,-1.0,0,1.0
292,242015.0,4.0,2.0,7.0,left,6.018561984878033,1.0,2.0,A,A,B,within,across,within_across,-1.0,0,1.0
293,242015.0,3.0,2.0,7.0,right,1.9806501856073735,1.0,3.0,A,A,B,within,across,within_across,-2.0,1,1.0
294,242015.0,3.0,9.0,2.0,right,4.519886806141585,5.0,1.0,A,B,A,across,within,across_within,4.0,1,1.0
295,242015.0,2.0,9.0,5.0,left,1.4460270456038415,5.0,2.0,A,B,B,across,across,across_across,3.0,0,1.0
296,242015.0,4.0,5.0,3.0,right,4.503624015022069,1.0,1.0,A,B,A,across,within,across_within,0.0,1,1.0
297,242015.0,0.0,3.0,6.0,left,4.118507048115134,2.0,5.0,A,A,B,within,across,within_across,-3.0,0,1.0
298,242015.0,5.0,3.0,8.0,right,5.691601617727429,2.0,2.0,B,A,B,across,within,across_within,0.0,1,1.0
299,242015.0,4.0,0.0,8.0,right,1.5233224667608738,3.0,3.0,A,A,B,within,across,within_across,0.0,1,1.0
300,242016.0,5.0,7.0,6.0,left,6.476504874881357,1.0,1.0,B,B,B,within,within,within_within,0.0,0,300.0
301,242016.0,4.0,8.0,7.0,right,10.219780856743457,3.0,2.0,A,B,B,across,across,across_across,1.0,1,300.0
302,242016.0,1.0,7.0,4.0,right,4.10949983401224,4.0,2.0,A,B,A,across,within,across_within,2.0,1,300.0
303,242016.0,4.0,2.0,5.0,left,2.324079507496208,1.0,1.0,A,A,B,within,across,within_across,0.0,0,300.0
304,242016.0,5.0,2.0,3.0,left,9.897426122333854,2.0,2.0,B,A,A,across,across,across_across,0.0,0,300.0
305,242016.0,9.0,8.0,7.0,right,3.1604886958375573,1.0,2.0,B,B,B,within,within,within_within,-1.0,1,300.0
306,242016.0,5.0,2.0,8.0,left,1.813169730361551,2.0,2.0,B,A,B,across,within,across_within,0.0,0,300.0
307,242016.0,5.0,3.0,8.0,left,3.41495819343254,2.0,2.0,B,A,B,across,within,across_within,0.0,0,300.0
308,242016.0,4.0,6.0,1.0,right,2.0656400732696056,2.0,2.0,A,B,A,across,within,across_within,0.0,1,300.0
309,242016.0,5.0,9.0,1.0,right,5.898160524200648,3.0,3.0,B,B,A,within,across,within_across,0.0,1,300.0
310,242016.0,4.0,5.0,3.0,left,2.7606257358565927,1.0,1.0,A,B,A,across,within,across_within,0.0,0,300.0
311,242016.0,4.0,1.0,7.0,left,1.8053315826691687,2.0,2.0,A,A,B,within,across,within_across,0.0,0,300.0
312,242016.0,6.0,4.0,7.0,right,4.336205741390586,2.0,1.0,B,A,B,across,within,across_within,1.0,1,300.0
313,242016.0,7.0,4.0,1.0,right,3.7247964018024495,2.0,4.0,B,A,A,across,across,across_across,-2.0,1,300.0
314,242016.0,5.0,6.0,4.0,right,5.075119985733181,1.0,1.0,B,B,A,within,across,within_across,0.0,1,300.0
315,242016.0,2.0,3.0,6.0,left,4.355390745215118,1.0,3.0,A,A,B,within,across,within_across,-2.0,0,300.0
316,242016.0,3.0,8.0,0.0,left,2.623316731769592,4.0,2.0,A,B,A,across,within,across_within,2.0,0,300.0
317,242016.0,0.0,5.0,7.0,right,3.0817471095360816,4.0,5.0,A,B,B,across,across,across_across,-1.0,1,300.0
318,242016.0,4.0,0.0,8.0,right,3.729801684152335,3.0,3.0,A,A,B,within,across,within_across,0.0,1,300.0
319,242016.0,9.0,2.0,4.0,left,6.046842041425407,5.0,4.0,B,A,A,across,across,across_across,1.0,0,300.0
320,242017.0,6.0,1.0,2.0,left,6.586490084417164,4.0,3.0,B,A,A,across,across,across_across,1.0,0,1.0
321,242017.0,4.0,5.0,2.0,left,11.685121192596853,1.0,1.0,A,B,A,across,within,across_within,0.0,0,1.0
322,242017.0,0.0,8.0,3.0,left,4.259117389563471,6.0,2.0,A,B,A,across,within,across_within,4.0,0,1.0
323,242017.0,4.0,5.0,3.0,left,5.475683842319995,1.0,1.0,A,B,A,across,within,across_within,0.0,0,1.0
324,242017.0,0.0,5.0,9.0,right,2.50721754366532,4.0,7.0,A,B,B,across,across,across_across,-3.0,1,1.0
325,242017.0,5.0,6.0,7.0,left,2.7613541008904576,1.0,1.0,B,B,B,within,within,within_within,0.0,0,1.0
326,242017.0,4.0,6.0,1.0,left,3.117982130497694,2.0,2.0,A,B,A,across,within,across_within,0.0,0,1.0
327,242017.0,0.0,6.0,9.0,right,2.5883872136473656,5.0,7.0,A,B,B,across,across,across_across,-2.0,1,1.0
328,242017.0,3.0,4.0,6.0,left,1.7921612481586635,1.0,3.0,A,A,B,within,across,within_across,-2.0,0,1.0
329,242017.0,9.0,0.0,1.0,right,2.058597905095666,7.0,6.0,B,A,A,across,across,across_across,1.0,1,1.0
330,242017.0,5.0,9.0,1.0,left,1.0833553685806692,3.0,3.0,B,B,A,within,across,within_across,0.0,0,1.0
331,242017.0,5.0,3.0,8.0,right,4.051594977267087,2.0,2.0,B,A,B,across,within,across_within,0.0,1,1.0
332,242017.0,5.0,2.0,8.0,right,6.107596667483449,2.0,2.0,B,A,B,across,within,across_within,0.0,1,1.0
333,242017.0,2.0,7.0,9.0,left,1.2343680765479803,3.0,5.0,A,B,B,across,across,across_across,-2.0,0,1.0
334,242017.0,8.0,5.0,1.0,left,1.876248000189662,2.0,5.0,B,B,A,within,across,within_across,-3.0,0,1.0
335,242017.0,7.0,5.0,6.0,left,1.4679649253375828,1.0,1.0,B,B,B,within,within,within_within,0.0,0,1.0
336,242017.0,4.0,7.0,1.0,left,1.1484463764354589,2.0,2.0,A,B,A,across,within,across_within,0.0,0,1.0
337,242017.0,4.0,8.0,0.0,right,1.449273446109146,3.0,3.0,A,B,A,across,within,across_within,0.0,1,1.0
338,242017.0,5.0,4.0,6.0,left,1.3147336174733937,1.0,1.0,B,A,B,across,within,across_within,0.0,0,1.0
339,242017.0,7.0,4.0,3.0,left,1.3775589363649487,2.0,3.0,B,A,A,across,across,across_across,-1.0,0,1.0
340,242018.0,1.0,9.0,4.0,right,21.013057140167803,6.0,2.0,A,B,A,across,within,across_within,4.0,1,300.0
341,242018.0,4.0,5.0,3.0,left,5.445926227606833,1.0,1.0,A,B,A,across,within,across_within,0.0,0,300.0
342,242018.0,6.0,2.0,5.0,right,5.462848259601742,3.0,1.0,B,A,B,across,within,across_within,2.0,1,300.0
343,242018.0,4.0,3.0,0.0,left,5.198379969224334,1.0,3.0,A,A,A,within,within,within_within,-2.0,0,300.0
344,242018.0,5.0,8.0,6.0,left,8.617046394385397,2.0,1.0,B,B,B,within,within,within_within,1.0,0,300.0
345,242018.0,5.0,2.0,8.0,right,10.275429381988944,2.0,2.0,B,A,B,across,within,across_within,0.0,1,300.0
346,242018.0,3.0,5.0,9.0,left,1.9951580185443163,2.0,5.0,A,B,B,across,across,across_across,-3.0,0,300.0
347,242018.0,5.0,3.0,8.0,right,1.6693069515749812,2.0,2.0,B,A,B,across,within,across_within,0.0,1,300.0
348,242018.0,4.0,6.0,1.0,left,4.486159557942301,2.0,2.0,A,B,A,across,within,across_within,0.0,0,300.0
349,242018.0,4.0,2.0,7.0,right,4.717817622236908,1.0,2.0,A,A,B,within,across,within_across,-1.0,1,300.0
350,242018.0,4.0,0.0,8.0,left,23.434482175391167,3.0,3.0,A,A,B,within,across,within_across,0.0,0,300.0
351,242018.0,4.0,2.0,5.0,left,2.21844426356256,1.0,1.0,A,A,B,within,across,within_across,0.0,0,300.0
352,242018.0,5.0,6.0,4.0,left,10.64437622623518,1.0,1.0,B,B,A,within,across,within_across,0.0,0,300.0
353,242018.0,1.0,2.0,7.0,right,1.253095173742622,1.0,4.0,A,A,B,within,across,within_across,-3.0,1,300.0
354,242018.0,2.0,3.0,5.0,left,1.861298861913383,1.0,2.0,A,A,B,within,across,within_across,-1.0,0,300.0
355,242018.0,4.0,7.0,1.0,right,3.1100313924252987,2.0,2.0,A,B,A,across,within,across_within,0.0,1,300.0
356,242018.0,5.0,1.0,9.0,left,1.1887062694877386,3.0,3.0,B,A,B,across,within,across_within,0.0,0,300.0
357,242018.0,0.0,2.0,8.0,left,0.8005590266548097,2.0,6.0,A,A,B,within,across,within_across,-4.0,0,300.0
358,242018.0,8.0,2.0,4.0,right,1.1477415561676023,4.0,3.0,B,A,A,across,across,across_across,1.0,1,300.0
359,242018.0,5.0,6.0,7.0,right,1.3372269007377326,1.0,1.0,B,B,B,within,within,within_within,0.0,1,300.0
360,242019.0,8.0,2.0,7.0,left,7.643287505256012,4.0,1.0,B,A,B,across,within,across_within,3.0,0,1.0
361,242019.0,6.0,7.0,0.0,right,3.740829721558839,1.0,5.0,B,B,A,within,across,within_across,-4.0,1,1.0
362,242019.0,2.0,9.0,0.0,left,3.7629268943564966,5.0,2.0,A,B,A,across,within,across_within,3.0,0,1.0
363,242019.0,8.0,1.0,3.0,left,4.815089974668808,5.0,4.0,B,A,A,across,across,across_across,1.0,0,1.0
364,242019.0,6.0,7.0,1.0,right,11.35491221677512,1.0,4.0,B,B,A,within,across,within_across,-3.0,1,1.0
365,242019.0,4.0,1.0,7.0,right,1.4241356765851378,2.0,2.0,A,A,B,within,across,within_across,0.0,1,1.0
366,242019.0,4.0,5.0,2.0,left,3.242488126503304,1.0,1.0,A,B,A,across,within,across_within,0.0,0,1.0
367,242019.0,5.0,4.0,2.0,left,4.412212910945527,1.0,2.0,B,A,A,across,across,across_across,-1.0,0,1.0
368,242019.0,3.0,0.0,7.0,right,1.8152514684479684,2.0,3.0,A,A,B,within,across,within_across,-1.0,1,1.0
369,242019.0,5.0,1.0,9.0,left,6.353447906440124,3.0,3.0,B,A,B,across,within,across_within,0.0,0,1.0
370,242019.0,8.0,3.0,1.0,left,6.127391993883066,4.0,5.0,B,A,A,across,across,across_across,-1.0,0,1.0
371,242019.0,4.0,1.0,6.0,right,4.172903343453072,2.0,2.0,A,A,B,within,across,within_across,0.0,1,1.0
372,242019.0,5.0,6.0,4.0,left,10.104626810643822,1.0,1.0,B,B,A,within,across,within_across,0.0,0,1.0
373,242019.0,4.0,0.0,8.0,right,4.232623424963094,3.0,3.0,A,A,B,within,across,within_across,0.0,1,1.0
374,242019.0,5.0,8.0,3.0,left,5.027142720064148,2.0,2.0,B,B,A,within,across,within_across,0.0,0,1.0
375,242019.0,4.0,5.0,3.0,left,2.3008661498315632,1.0,1.0,A,B,A,across,within,across_within,0.0,0,1.0
376,242019.0,5.0,6.0,7.0,right,2.0528621821431443,1.0,1.0,B,B,B,within,within,within_within,0.0,1,1.0
377,242019.0,1.0,9.0,4.0,left,2.382493535755202,6.0,2.0,A,B,A,across,within,across_within,4.0,0,1.0
378,242019.0,5.0,2.0,8.0,left,2.354802642483264,2.0,2.0,B,A,B,across,within,across_within,0.0,0,1.0
379,242019.0,0.0,7.0,3.0,left,4.743251825799234,5.0,2.0,A,B,A,across,within,across_within,3.0,0,1.0
380,242021.0,4.0,1.0,7.0,right,5.229358052951284,2.0,2.0,A,A,B,within,across,within_across,0.0,1,1.0
381,242021.0,5.0,2.0,8.0,right,3.3665557866479503,2.0,2.0,B,A,B,across,within,across_within,0.0,1,1.0
382,242021.0,0.0,5.0,8.0,left,2.811197775954497,4.0,6.0,A,B,B,across,across,across_across,-2.0,0,1.0
383,242021.0,4.0,3.0,5.0,left,2.9728922481590416,1.0,1.0,A,A,B,within,across,within_across,0.0,0,1.0
384,242021.0,8.0,6.0,2.0,left,2.0969425486546243,1.0,4.0,B,B,A,within,across,within_across,-3.0,0,1.0
385,242021.0,9.0,7.0,0.0,right,1.5040143198275473,2.0,7.0,B,B,A,within,across,within_across,-5.0,1,1.0
386,242021.0,5.0,7.0,6.0,right,2.174850055394927,1.0,1.0,B,B,B,within,within,within_within,0.0,1,1.0
387,242021.0,4.0,0.0,8.0,left,1.746626057618414,3.0,3.0,A,A,B,within,across,within_across,0.0,0,1.0
388,242021.0,9.0,2.0,1.0,left,1.8310348366503604,5.0,6.0,B,A,A,across,across,across_across,-1.0,0,1.0
389,242021.0,2.0,8.0,3.0,right,1.216836961073568,4.0,1.0,A,B,A,across,within,across_within,3.0,1,1.0
390,242021.0,4.0,6.0,8.0,left,1.4593376176198944,2.0,3.0,A,B,B,across,across,across_across,-1.0,0,1.0
391,242021.0,4.0,5.0,2.0,left,1.187813359341817,1.0,1.0,A,B,A,across,within,across_within,0.0,0,1.0
392,242021.0,1.0,5.0,8.0,right,1.1196471962466603,3.0,5.0,A,B,B,across,across,across_across,-2.0,1,1.0
393,242021.0,8.0,4.0,3.0,right,2.1008234502223786,3.0,4.0,B,A,A,across,across,across_across,-1.0,1,1.0
394,242021.0,5.0,0.0,1.0,right,4.443692667133291,4.0,3.0,B,A,A,across,across,across_across,1.0,1,1.0
395,242021.0,5.0,6.0,4.0,left,2.157184512616368,1.0,1.0,B,B,A,within,across,within_across,0.0,0,1.0
396,242021.0,5.0,1.0,9.0,left,3.536661645877757,3.0,3.0,B,A,B,across,within,across_within,0.0,0,1.0
397,242021.0,4.0,1.0,6.0,right,1.326003278096323,2.0,2.0,A,A,B,within,across,within_across,0.0,1,1.0
398,242021.0,7.0,5.0,8.0,right,2.6684900494728936,1.0,1.0,B,B,B,within,within,within_within,0.0,1,1.0
399,242021.0,5.0,3.0,8.0,right,1.9568769261968555,2.0,2.0,B,A,B,across,within,across_within,0.0,1,1.0
400,242022.0,4.0,1.0,7.0,left,2.8145356471213745,2.0,2.0,A,A,B,within,across,within_across,0.0,0,300.0
401,242022.0,4.0,6.0,1.0,left,6.553026511595817,2.0,2.0,A,B,A,across,within,across_within,0.0,0,300.0
402,242022.0,0.0,6.0,8.0,right,9.916941401621443,5.0,6.0,A,B,B,across,across,across_across,-1.0,1,300.0
403,242022.0,5.0,0.0,6.0,left,2.722993821109412,4.0,1.0,B,A,B,across,within,across_within,3.0,0,300.0
404,242022.0,5.0,8.0,2.0,right,1.8480891306389824,2.0,2.0,B,B,A,within,across,within_across,0.0,1,300.0
405,242022.0,0.0,1.0,2.0,left,9.890047360458992,1.0,2.0,A,A,A,within,within,within_within,-1.0,0,300.0
406,242022.0,8.0,9.0,1.0,right,2.1761452991195256,1.0,5.0,B,B,A,within,across,within_across,-4.0,1,300.0
407,242022.0,9.0,8.0,0.0,right,1.6202463710069424,1.0,7.0,B,B,A,within,across,within_across,-6.0,1,300.0
408,242022.0,4.0,9.0,1.0,right,2.078702281083679,4.0,2.0,A,B,A,across,within,across_within,2.0,1,300.0
409,242022.0,2.0,9.0,4.0,right,2.1508039808250032,5.0,1.0,A,B,A,across,within,across_within,4.0,1,300.0
410,242022.0,4.0,5.0,2.0,left,1.32356673477625,1.0,1.0,A,B,A,across,within,across_within,0.0,0,300.0
411,242022.0,5.0,6.0,4.0,left,2.961409222756629,1.0,1.0,B,B,A,within,across,within_across,0.0,0,300.0
412,242022.0,4.0,3.0,5.0,right,3.534146017525927,1.0,1.0,A,A,B,within,across,within_across,0.0,1,300.0
413,242022.0,5.0,8.0,3.0,right,6.179886141704628,2.0,2.0,B,B,A,within,across,within_across,0.0,1,300.0
414,242022.0,4.0,0.0,2.0,left,1.4942406780755846,3.0,1.0,A,A,A,within,within,within_within,2.0,0,300.0
415,242022.0,5.0,9.0,1.0,left,2.0537705749447923,3.0,3.0,B,B,A,within,across,within_across,0.0,0,300.0
416,242022.0,4.0,8.0,0.0,left,1.231182441915735,3.0,3.0,A,B,A,across,within,across_within,0.0,0,300.0
417,242022.0,5.0,3.0,8.0,left,3.497398042192799,2.0,2.0,B,A,B,across,within,across_within,0.0,0,300.0
418,242022.0,5.0,7.0,6.0,left,2.0397290583205177,1.0,1.0,B,B,B,within,within,within_within,0.0,0,300.0
419,242022.0,0.0,6.0,3.0,right,2.7451430624059867,5.0,2.0,A,B,A,across,within,across_within,3.0,1,300.0
420,242023.0,8.0,3.0,2.0,left,6.704170237266226,4.0,4.0,B,A,A,across,across,across_across,0.0,0,1.0
421,242023.0,4.0,6.0,1.0,left,2.9294056709331926,2.0,2.0,A,B,A,across,within,across_within,0.0,0,1.0
422,242023.0,4.0,8.0,0.0,right,1.832756150222849,3.0,3.0,A,B,A,across,within,across_within,0.0,1,1.0
423,242023.0,7.0,6.0,5.0,right,1.97783049379359,1.0,1.0,B,B,B,within,within,within_within,0.0,1,1.0
424,242023.0,5.0,6.0,7.0,left,1.2238215790275715,1.0,1.0,B,B,B,within,within,within_within,0.0,0,1.0
425,242023.0,2.0,3.0,0.0,right,1.084202830781578,1.0,2.0,A,A,A,within,within,within_within,-1.0,1,1.0
426,242023.0,5.0,0.0,7.0,left,1.652745048268116,4.0,1.0,B,A,B,across,within,across_within,3.0,0,1.0
427,242023.0,5.0,8.0,2.0,left,2.473950694387895,2.0,2.0,B,B,A,within,across,within_across,0.0,0,1.0
428,242023.0,9.0,6.0,2.0,right,3.787601243500831,2.0,5.0,B,B,A,within,across,within_across,-3.0,1,1.0
429,242023.0,4.0,0.0,3.0,right,1.518568915911601,3.0,1.0,A,A,A,within,within,within_within,2.0,1,1.0
430,242023.0,7.0,6.0,2.0,left,1.216784301737789,1.0,3.0,B,B,A,within,across,within_across,-2.0,0,1.0
431,242023.0,5.0,9.0,1.0,right,0.8071808964305092,3.0,3.0,B,B,A,within,across,within_across,0.0,1,1.0
432,242023.0,1.0,3.0,9.0,left,0.8868801595235709,1.0,6.0,A,A,B,within,across,within_across,-5.0,0,1.0
433,242023.0,5.0,3.0,8.0,right,1.3754599027015502,2.0,2.0,B,A,B,across,within,across_within,0.0,1,1.0
434,242023.0,0.0,3.0,6.0,left,0.8937613815505756,2.0,5.0,A,A,B,within,across,within_across,-3.0,0,1.0
435,242023.0,4.0,1.0,7.0,left,1.364442763486295,2.0,2.0,A,A,B,within,across,within_across,0.0,0,1.0
436,242023.0,4.0,3.0,5.0,right,5.5248029764479725,1.0,1.0,A,A,B,within,across,within_across,0.0,1,1.0
437,242023.0,7.0,1.0,9.0,right,0.817703307242482,4.0,2.0,B,A,B,across,within,across_within,2.0,1,1.0
438,242023.0,4.0,5.0,2.0,left,0.8323208858346334,1.0,1.0,A,B,A,across,within,across_within,0.0,0,1.0
439,242023.0,5.0,6.0,4.0,left,2.299018783684005,1.0,1.0,B,B,A,within,across,within_across,0.0,0,1.0
440,242024.0,5.0,2.0,8.0,right,6.830246703029843,2.0,2.0,B,A,B,across,within,across_within,0.0,1,300.0
441,242024.0,1.0,3.0,2.0,right,4.624387166491943,1.0,1.0,A,A,A,within,within,within_within,0.0,1,300.0
442,242024.0,5.0,1.0,9.0,left,3.769608408358181,3.0,3.0,B,A,B,across,within,across_within,0.0,0,300.0
443,242024.0,4.0,3.0,5.0,left,1.66986679303227,1.0,1.0,A,A,B,within,across,within_across,0.0,0,300.0
444,242024.0,0.0,1.0,6.0,right,2.6143717418890446,1.0,5.0,A,A,B,within,across,within_across,-4.0,1,300.0
445,242024.0,4.0,1.0,7.0,left,4.776823860738659,2.0,2.0,A,A,B,within,across,within_across,0.0,0,300.0
446,242024.0,2.0,4.0,3.0,right,1.308003586003906,1.0,1.0,A,A,A,within,within,within_within,0.0,1,300.0
447,242024.0,9.0,1.0,8.0,left,2.1311754993366776,6.0,1.0,B,A,B,across,within,across_within,5.0,0,300.0
448,242024.0,5.0,6.0,7.0,left,3.2813235573848942,1.0,1.0,B,B,B,within,within,within_within,0.0,0,300.0
449,242024.0,4.0,5.0,2.0,right,1.5132455348648364,1.0,1.0,A,B,A,across,within,across_within,0.0,1,300.0
450,242024.0,4.0,0.0,8.0,left,2.2308057315385668,3.0,3.0,A,A,B,within,across,within_across,0.0,0,300.0
451,242024.0,5.0,6.0,4.0,left,1.16118253247987,1.0,1.0,B,B,A,within,across,within_across,0.0,0,300.0
452,242024.0,7.0,3.0,1.0,left,2.0380248061410384,3.0,4.0,B,A,A,across,across,across_across,-1.0,0,300.0
453,242024.0,1.0,9.0,6.0,left,2.335829441974056,6.0,4.0,A,B,B,across,across,across_across,2.0,0,300.0
454,242024.0,2.0,8.0,0.0,left,2.7005994765931973,4.0,2.0,A,B,A,across,within,across_within,2.0,0,300.0
455,242024.0,4.0,6.0,7.0,right,8.94780780527799,2.0,2.0,A,B,B,across,across,across_across,0.0,1,300.0
456,242024.0,4.0,8.0,0.0,right,2.7277066247188486,3.0,3.0,A,B,A,across,within,across_within,0.0,1,300.0
457,242024.0,4.0,1.0,6.0,left,3.2697454488370568,2.0,2.0,A,A,B,within,across,within_across,0.0,0,300.0
458,242024.0,5.0,3.0,8.0,right,4.086098542349646,2.0,2.0,B,A,B,across,within,across_within,0.0,1,300.0
459,242024.0,3.0,8.0,2.0,right,1.1736734392034125,4.0,1.0,A,B,A,across,within,across_within,3.0,1,300.0
460,242025.0,5.0,6.0,7.0,right,9.781239312782418,1.0,1.0,B,B,B,within,within,within_within,0.0,1,1.0
461,242025.0,9.0,6.0,8.0,right,3.224755346382153,2.0,1.0,B,B,B,within,within,within_within,1.0,1,1.0
462,242025.0,6.0,1.0,5.0,left,3.841463602380827,4.0,1.0,B,A,B,across,within,across_within,3.0,0,1.0
463,242025.0,5.0,3.0,8.0,left,2.235061873871018,2.0,2.0,B,A,B,across,within,across_within,0.0,0,1.0
464,242025.0,6.0,4.0,8.0,left,2.5324796729400987,2.0,1.0,B,A,B,across,within,across_within,1.0,0,1.0
465,242025.0,4.0,2.0,5.0,right,2.4262266035511857,1.0,1.0,A,A,B,within,across,within_across,0.0,1,1.0
466,242025.0,1.0,7.0,2.0,left,3.0032569170289207,4.0,1.0,A,B,A,across,within,across_within,3.0,0,1.0
467,242025.0,5.0,8.0,2.0,right,2.7583132127911085,2.0,2.0,B,B,A,within,across,within_across,0.0,1,1.0
468,242025.0,4.0,1.0,7.0,right,2.251332875937805,2.0,2.0,A,A,B,within,across,within_across,0.0,1,1.0
469,242025.0,1.0,7.0,2.0,right,2.835118198316195,4.0,1.0,A,B,A,across,within,across_within,3.0,1,1.0
470,242025.0,8.0,9.0,4.0,left,10.868529518556898,1.0,3.0,B,B,A,within,across,within_across,-2.0,0,1.0
471,242025.0,4.0,5.0,3.0,right,2.771649669215549,1.0,1.0,A,B,A,across,within,across_within,0.0,1,1.0
472,242025.0,8.0,7.0,9.0,left,4.255687002718332,1.0,1.0,B,B,B,within,within,within_within,0.0,0,1.0
473,242025.0,4.0,6.0,1.0,right,4.304313769986038,2.0,2.0,A,B,A,across,within,across_within,0.0,1,1.0
474,242025.0,2.0,8.0,5.0,left,1.5182548840821255,4.0,2.0,A,B,B,across,across,across_across,2.0,0,1.0
475,242025.0,5.0,9.0,1.0,right,2.100363452627789,3.0,3.0,B,B,A,within,across,within_across,0.0,1,1.0
476,242025.0,4.0,9.0,1.0,right,1.731461607167148,4.0,2.0,A,B,A,across,within,across_within,2.0,1,1.0
477,242025.0,5.0,6.0,4.0,right,3.8572576879378175,1.0,1.0,B,B,A,within,across,within_across,0.0,1,1.0
478,242025.0,4.0,8.0,0.0,right,3.2572629400528967,3.0,3.0,A,B,A,across,within,across_within,0.0,1,1.0
479,242025.0,5.0,1.0,6.0,left,1.4578654847864527,3.0,1.0,B,A,B,across,within,across_within,2.0,0,1.0
480,242026.0,4.0,5.0,2.0,right,4.756733244983479,1.0,1.0,A,B,A,across,within,across_within,0.0,1,300.0
481,242026.0,3.0,5.0,2.0,left,4.216968870081473,2.0,1.0,A,B,A,across,within,across_within,1.0,0,300.0
482,242026.0,7.0,9.0,0.0,right,3.3072444301215,2.0,5.0,B,B,A,within,across,within_across,-3.0,1,300.0
483,242026.0,4.0,1.0,6.0,left,6.810693684383296,2.0,2.0,A,A,B,within,across,within_across,0.0,0,300.0
484,242026.0,4.0,0.0,8.0,right,6.956156709115021,3.0,3.0,A,A,B,within,across,within_across,0.0,1,300.0
485,242026.0,1.0,7.0,3.0,right,5.78396083181724,4.0,1.0,A,B,A,across,within,across_within,3.0,1,300.0
486,242026.0,4.0,1.0,7.0,left,8.339833498874214,2.0,2.0,A,A,B,within,across,within_across,0.0,0,300.0
487,242026.0,4.0,5.0,3.0,right,6.112516564084217,1.0,1.0,A,B,A,across,within,across_within,0.0,1,300.0
488,242026.0,2.0,6.0,7.0,left,1.7589334388030693,3.0,3.0,A,B,B,across,across,across_across,0.0,0,300.0
489,242026.0,5.0,7.0,6.0,right,4.115758446510881,1.0,1.0,B,B,B,within,within,within_within,0.0,1,300.0
490,242026.0,5.0,4.0,6.0,right,8.025500092073344,1.0,1.0,B,A,B,across,within,across_within,0.0,1,300.0
491,242026.0,5.0,8.0,3.0,left,5.371520334214438,2.0,2.0,B,B,A,within,across,within_across,0.0,0,300.0
492,242026.0,4.0,8.0,1.0,right,3.558721539156977,3.0,2.0,A,B,A,across,within,across_within,1.0,1,300.0
493,242026.0,5.0,2.0,8.0,right,3.4597058761282824,2.0,2.0,B,A,B,across,within,across_within,0.0,1,300.0
494,242026.0,1.0,3.0,5.0,left,2.100315132702235,1.0,3.0,A,A,B,within,across,within_across,-2.0,0,300.0
495,242026.0,9.0,3.0,1.0,left,2.123717660375405,5.0,6.0,B,A,A,across,across,across_across,-1.0,0,300.0
496,242026.0,5.0,1.0,6.0,right,1.07990153611172,3.0,1.0,B,A,B,across,within,across_within,2.0,1,300.0
497,242026.0,0.0,8.0,3.0,left,4.8244559885934,6.0,2.0,A,B,A,across,within,across_within,4.0,0,300.0
498,242026.0,5.0,1.0,9.0,right,5.250400707533117,3.0,3.0,B,A,B,across,within,across_within,0.0,1,300.0
499,242026.0,7.0,0.0,6.0,left,1.9462022584630176,5.0,1.0,B,A,B,across,within,across_within,4.0,0,300.0
500,242027.0,1.0,5.0,6.0,left,5.25789869268192,3.0,4.0,A,B,B,across,across,across_across,-1.0,0,1.0
501,242027.0,2.0,5.0,8.0,right,2.3704110308899544,2.0,4.0,A,B,B,across,across,across_across,-2.0,1,1.0
502,242027.0,9.0,8.0,4.0,right,4.20656345365569,1.0,4.0,B,B,A,within,across,within_across,-3.0,1,1.0
503,242027.0,5.0,7.0,6.0,right,4.21687016467331,1.0,1.0,B,B,B,within,within,within_within,0.0,1,1.0
504,242027.0,4.0,1.0,6.0,left,5.867563064326532,2.0,2.0,A,A,B,within,across,within_across,0.0,0,1.0
505,242027.0,3.0,6.0,5.0,left,1.6193151598563418,3.0,2.0,A,B,B,across,across,across_across,1.0,0,1.0
506,242027.0,5.0,8.0,3.0,right,5.060528420784976,2.0,2.0,B,B,A,within,across,within_across,0.0,1,1.0
507,242027.0,4.0,8.0,0.0,right,2.845360998995602,3.0,3.0,A,B,A,across,within,across_within,0.0,1,1.0
508,242027.0,4.0,2.0,5.0,left,1.8864360120496717,1.0,1.0,A,A,B,within,across,within_across,0.0,0,1.0
509,242027.0,3.0,0.0,5.0,right,3.877550416684244,2.0,2.0,A,A,B,within,across,within_across,0.0,1,1.0
510,242027.0,5.0,6.0,4.0,right,1.7495331870159134,1.0,1.0,B,B,A,within,across,within_across,0.0,1,1.0
511,242027.0,7.0,5.0,1.0,left,3.0266401842818595,1.0,4.0,B,B,A,within,across,within_across,-3.0,0,1.0
512,242027.0,3.0,8.0,7.0,left,8.396177657530643,4.0,3.0,A,B,B,across,across,across_across,1.0,0,1.0
513,242027.0,4.0,1.0,7.0,left,3.7590698755229823,2.0,2.0,A,A,B,within,across,within_across,0.0,0,1.0
514,242027.0,5.0,2.0,8.0,right,0.9956826214911416,2.0,2.0,B,A,B,across,within,across_within,0.0,1,1.0
515,242027.0,6.0,4.0,7.0,left,2.886314667877741,2.0,1.0,B,A,B,across,within,across_within,1.0,0,1.0
516,242027.0,4.0,5.0,7.0,right,1.6935941127012484,1.0,2.0,A,B,B,across,across,across_across,-1.0,1,1.0
517,242027.0,0.0,2.0,8.0,left,3.6290936312871054,2.0,6.0,A,A,B,within,across,within_across,-4.0,0,1.0
518,242027.0,4.0,5.0,3.0,right,3.4867816317128018,1.0,1.0,A,B,A,across,within,across_within,0.0,1,1.0
519,242027.0,5.0,9.0,1.0,left,1.8374467609683047,3.0,3.0,B,B,A,within,across,within_across,0.0,0,1.0
520,242028.0,4.0,3.0,9.0,left,12.866224957688246,1.0,4.0,A,A,B,within,across,within_across,-3.0,0,300.0
521,242028.0,1.0,7.0,5.0,right,2.937725067837164,4.0,3.0,A,B,B,across,across,across_across,1.0,1,300.0
522,242028.0,4.0,7.0,9.0,right,6.262851166189648,2.0,4.0,A,B,B,across,across,across_across,-2.0,1,300.0
523,242028.0,8.0,6.0,1.0,right,4.927319651411381,1.0,5.0,B,B,A,within,across,within_across,-4.0,1,300.0
524,242028.0,5.0,9.0,1.0,right,2.5722109698690474,3.0,3.0,B,B,A,within,across,within_across,0.0,1,300.0
525,242028.0,9.0,8.0,3.0,left,8.360773222171701,1.0,5.0,B,B,A,within,across,within_across,-4.0,0,300.0
526,242028.0,5.0,4.0,6.0,right,2.50805218401365,1.0,1.0,B,A,B,across,within,across_within,0.0,1,300.0
527,242028.0,2.0,8.0,7.0,right,2.5790186211816035,4.0,3.0,A,B,B,across,across,across_across,1.0,1,300.0
528,242028.0,4.0,5.0,3.0,left,2.383092707605101,1.0,1.0,A,B,A,across,within,across_within,0.0,0,300.0
529,242028.0,5.0,7.0,6.0,right,5.563260476512369,1.0,1.0,B,B,B,within,within,within_within,0.0,1,300.0
530,242028.0,0.0,1.0,6.0,left,2.774745916714892,1.0,5.0,A,A,B,within,across,within_across,-4.0,0,300.0
531,242028.0,4.0,1.0,7.0,right,2.4271149963024072,2.0,2.0,A,A,B,within,across,within_across,0.0,1,300.0
532,242028.0,5.0,2.0,8.0,left,3.348945482634008,2.0,2.0,B,A,B,across,within,across_within,0.0,0,300.0
533,242028.0,1.0,3.0,9.0,left,6.673661063308828,1.0,6.0,A,A,B,within,across,within_across,-5.0,0,300.0
534,242028.0,4.0,8.0,0.0,left,2.0653710204642266,3.0,3.0,A,B,A,across,within,across_within,0.0,0,300.0
535,242028.0,5.0,8.0,3.0,right,2.9545155438245274,2.0,2.0,B,B,A,within,across,within_across,0.0,1,300.0
536,242028.0,4.0,6.0,1.0,left,3.3825240198057145,2.0,2.0,A,B,A,across,within,across_within,0.0,0,300.0
537,242028.0,4.0,5.0,2.0,left,3.2742508806404658,1.0,1.0,A,B,A,across,within,across_within,0.0,0,300.0
538,242028.0,9.0,5.0,6.0,right,2.74693304032553,3.0,2.0,B,B,B,within,within,within_within,1.0,1,300.0
539,242028.0,3.0,1.0,9.0,left,2.216023471963126,1.0,5.0,A,A,B,within,across,within_across,-4.0,0,300.0
540,242029.0,9.0,0.0,3.0,left,9.38218169566244,7.0,5.0,B,A,A,across,across,across_across,2.0,0,1.0
541,242029.0,5.0,2.0,8.0,right,1.30722423363477,2.0,2.0,B,A,B,across,within,across_within,0.0,1,1.0
542,242029.0,5.0,3.0,8.0,right,1.426097348332405,2.0,2.0,B,A,B,across,within,across_within,0.0,1,1.0
543,242029.0,9.0,3.0,1.0,left,0.339309835806489,5.0,6.0,B,A,A,across,across,across_across,-1.0,0,1.0
544,242029.0,4.0,5.0,2.0,left,0.3531302753835916,1.0,1.0,A,B,A,across,within,across_within,0.0,0,1.0
545,242029.0,4.0,5.0,3.0,right,0.4786054231226444,1.0,1.0,A,B,A,across,within,across_within,0.0,1,1.0
546,242029.0,6.0,9.0,3.0,right,0.1187626374885439,2.0,3.0,B,B,A,within,across,within_across,-1.0,1,1.0
547,242029.0,4.0,5.0,7.0,left,1.0688960393890738,1.0,2.0,A,B,B,across,across,across_across,-1.0,0,1.0
548,242029.0,2.0,7.0,4.0,right,0.9014068860560656,3.0,1.0,A,B,A,across,within,across_within,2.0,1,1.0
549,242029.0,4.0,1.0,7.0,left,0.419920620508492,2.0,2.0,A,A,B,within,across,within_across,0.0,0,1.0
550,242029.0,8.0,1.0,4.0,left,0.7660778909921646,5.0,3.0,B,A,A,across,across,across_across,2.0,0,1.0
551,242029.0,5.0,6.0,4.0,right,0.9379163812845944,1.0,1.0,B,B,A,within,across,within_across,0.0,1,1.0
552,242029.0,6.0,2.0,4.0,left,0.7997868340462446,3.0,2.0,B,A,A,across,across,across_across,1.0,0,1.0
553,242029.0,0.0,3.0,5.0,left,0.2829812625423074,2.0,4.0,A,A,B,within,across,within_across,-2.0,0,1.0
554,242029.0,5.0,7.0,6.0,left,0.2350676245987415,1.0,1.0,B,B,B,within,within,within_within,0.0,0,1.0
555,242029.0,5.0,3.0,7.0,left,0.3012029565870762,2.0,1.0,B,A,B,across,within,across_within,1.0,0,1.0
556,242029.0,4.0,8.0,0.0,left,0.5880104526877403,3.0,3.0,A,B,A,across,within,across_within,0.0,0,1.0
557,242029.0,5.0,9.0,1.0,right,0.4394985204562545,3.0,3.0,B,B,A,within,across,within_across,0.0,1,1.0
558,242029.0,4.0,1.0,6.0,left,0.8002356830984354,2.0,2.0,A,A,B,within,across,within_across,0.0,0,1.0
559,242029.0,6.0,7.0,3.0,left,0.2754887761548161,1.0,3.0,B,B,A,within,across,within_across,-2.0,0,1.0
560,242030.0,6.0,1.0,0.0,right,5.8328939385246485,4.0,5.0,B,A,A,across,across,across_across,-1.0,1,300.0
561,242030.0,5.0,9.0,3.0,left,4.418316635943484,3.0,2.0,B,B,A,within,across,within_across,1.0,0,300.0
562,242030.0,6.0,3.0,0.0,right,0.9325570724904536,3.0,5.0,B,A,A,across,across,across_across,-2.0,1,300.0
563,242030.0,4.0,1.0,6.0,left,1.7144315084442496,2.0,2.0,A,A,B,within,across,within_across,0.0,0,300.0
564,242030.0,3.0,8.0,2.0,right,1.4415308084571734,4.0,1.0,A,B,A,across,within,across_within,3.0,1,300.0
565,242030.0,1.0,2.0,7.0,left,2.490340156189632,1.0,4.0,A,A,B,within,across,within_across,-3.0,0,300.0
566,242030.0,8.0,3.0,0.0,left,1.6660809745662846,4.0,6.0,B,A,A,across,across,across_across,-2.0,0,300.0
567,242030.0,4.0,5.0,3.0,left,1.1628526754211634,1.0,1.0,A,B,A,across,within,across_within,0.0,0,300.0
568,242030.0,1.0,6.0,0.0,right,0.7753731636330485,4.0,1.0,A,B,A,across,within,across_within,3.0,1,300.0
569,242030.0,4.0,1.0,7.0,right,0.9238990730373188,2.0,2.0,A,A,B,within,across,within_across,0.0,1,300.0
570,242030.0,5.0,6.0,4.0,right,1.2570719221257605,1.0,1.0,B,B,A,within,across,within_across,0.0,1,300.0
571,242030.0,4.0,2.0,5.0,right,1.498538738116622,1.0,1.0,A,A,B,within,across,within_across,0.0,1,300.0
572,242030.0,4.0,0.0,8.0,right,2.0020571163040586,3.0,3.0,A,A,B,within,across,within_across,0.0,1,300.0
573,242030.0,5.0,0.0,9.0,right,4.492927021405194,4.0,3.0,B,A,B,across,within,across_within,1.0,1,300.0
574,242030.0,5.0,8.0,3.0,right,2.715168629249092,2.0,2.0,B,B,A,within,across,within_across,0.0,1,300.0
575,242030.0,5.0,9.0,1.0,left,1.4581929976702668,3.0,3.0,B,B,A,within,across,within_across,0.0,0,300.0
576,242030.0,6.0,1.0,5.0,right,0.8753776913508773,4.0,1.0,B,A,B,across,within,across_within,3.0,1,300.0
577,242030.0,5.0,8.0,2.0,left,0.531476445030421,2.0,2.0,B,B,A,within,across,within_across,0.0,0,300.0
578,242030.0,2.0,0.0,6.0,right,0.2576231025159359,2.0,3.0,A,A,B,within,across,within_across,-1.0,1,300.0
579,242030.0,5.0,6.0,7.0,left,2.06693128956249,1.0,1.0,B,B,B,within,within,within_within,0.0,0,300.0
580,242030.0,0.0,4.0,2.0,left,4.948681362788193,3.0,2.0,A,A,A,within,within,within_within,1.0,0,300.0
581,242030.0,4.0,6.0,1.0,right,0.8417614228092134,2.0,2.0,A,B,A,across,within,across_within,0.0,1,300.0
582,242030.0,4.0,8.0,0.0,left,0.3555614584474824,3.0,3.0,A,B,A,across,within,across_within,0.0,0,300.0
583,242030.0,6.0,2.0,1.0,right,0.5607623555115424,3.0,4.0,B,A,A,across,across,across_across,-1.0,1,300.0
584,242030.0,5.0,8.0,3.0,left,0.805677218362689,2.0,2.0,B,B,A,within,across,within_across,0.0,0,300.0
585,242030.0,5.0,2.0,8.0,right,0.9848461615038104,2.0,2.0,B,A,B,across,within,across_within,0.0,1,300.0
586,242030.0,5.0,7.0,6.0,left,0.6286979042342864,1.0,1.0,B,B,B,within,within,within_within,0.0,0,300.0
587,242030.0,4.0,1.0,6.0,right,0.7419715112773702,2.0,2.0,A,A,B,within,across,within_across,0.0,1,300.0
588,242030.0,4.0,3.0,5.0,left,0.587383221311029,1.0,1.0,A,A,B,within,across,within_across,0.0,0,300.0
589,242030.0,7.0,0.0,6.0,right,0.5752973989583552,5.0,1.0,B,A,B,across,within,across_within,4.0,1,300.0
590,242030.0,8.0,0.0,4.0,left,0.5154553879401647,6.0,3.0,B,A,A,across,across,across_across,3.0,0,300.0
591,242030.0,9.0,3.0,2.0,right,0.2983280458720401,5.0,5.0,B,A,A,across,across,across_across,0.0,1,300.0
592,242030.0,4.0,2.0,5.0,left,0.3135808916413225,1.0,1.0,A,A,B,within,across,within_across,0.0,0,300.0
593,242030.0,8.0,0.0,4.0,right,0.2724367546034045,6.0,3.0,B,A,A,across,across,across_across,3.0,1,300.0
594,242030.0,3.0,0.0,8.0,left,0.2813443850609474,2.0,4.0,A,A,B,within,across,within_across,-2.0,0,300.0
595,242030.0,4.0,7.0,1.0,left,0.2815617179730907,2.0,2.0,A,B,A,across,within,across_within,0.0,0,300.0
596,242030.0,5.0,4.0,6.0,right,0.1367854048730805,1.0,1.0,B,A,B,across,within,across_within,0.0,1,300.0
597,242030.0,0.0,6.0,5.0,left,0.2306496744859032,5.0,4.0,A,B,B,across,across,across_across,1.0,0,300.0
598,242030.0,5.0,4.0,8.0,left,2.472929375828244,1.0,2.0,B,A,B,across,within,across_within,-1.0,0,300.0
599,242030.0,5.0,1.0,9.0,right,0.1773146708728745,3.0,3.0,B,A,B,across,within,across_within,0.0,1,300.0
600,242031.0,5.0,8.0,2.0,left,4.864428318105638,2.0,2.0,B,B,A,within,across,within_across,0.0,0,1.0
601,242031.0,4.0,1.0,6.0,right,0.5295037403702736,2.0,2.0,A,A,B,within,across,within_across,0.0,1,1.0
602,242031.0,4.0,7.0,1.0,left,0.4716743752360344,2.0,2.0,A,B,A,across,within,across_within,0.0,0,1.0
603,242031.0,5.0,7.0,6.0,left,0.2474841671064496,1.0,1.0,B,B,B,within,within,within_within,0.0,0,1.0
604,242031.0,4.0,5.0,2.0,right,0.3849445153027773,1.0,1.0,A,B,A,across,within,across_within,0.0,1,1.0
605,242031.0,0.0,3.0,5.0,right,0.2604120410978794,2.0,4.0,A,A,B,within,across,within_across,-2.0,1,1.0
606,242031.0,5.0,8.0,4.0,left,0.2452492797747254,2.0,1.0,B,B,A,within,across,within_across,1.0,0,1.0
607,242031.0,5.0,6.0,4.0,right,0.1987419556826353,1.0,1.0,B,B,A,within,across,within_across,0.0,1,1.0
608,242031.0,4.0,3.0,5.0,right,0.2901718998327851,1.0,1.0,A,A,B,within,across,within_across,0.0,1,1.0
609,242031.0,5.0,7.0,3.0,left,0.2336036581546068,1.0,2.0,B,B,A,within,across,within_across,-1.0,0,1.0
610,242031.0,8.0,4.0,0.0,right,0.2117419708520174,3.0,6.0,B,A,A,across,across,across_across,-3.0,1,1.0
611,242031.0,5.0,8.0,3.0,right,0.1985345855355262,2.0,2.0,B,B,A,within,across,within_across,0.0,1,1.0
612,242031.0,6.0,8.0,1.0,left,0.2009949535131454,1.0,4.0,B,B,A,within,across,within_across,-3.0,0,1.0
613,242031.0,5.0,9.0,1.0,right,0.2117966059595346,3.0,3.0,B,B,A,within,across,within_across,0.0,1,1.0
614,242031.0,8.0,9.0,2.0,right,0.3345934506505728,1.0,4.0,B,B,A,within,across,within_across,-3.0,1,1.0
615,242031.0,2.0,4.0,1.0,left,0.2200458273291587,1.0,1.0,A,A,A,within,within,within_within,0.0,0,1.0
616,242031.0,3.0,2.0,7.0,left,0.2702049156650901,1.0,3.0,A,A,B,within,across,within_across,-2.0,0,1.0
617,242031.0,5.0,7.0,4.0,left,0.2543370369821787,1.0,1.0,B,B,A,within,across,within_across,0.0,0,1.0
618,242031.0,4.0,0.0,8.0,right,0.183184677734971,3.0,3.0,A,A,B,within,across,within_across,0.0,1,1.0
619,242031.0,4.0,5.0,0.0,right,0.2672923784703016,1.0,3.0,A,B,A,across,within,across_within,-2.0,1,1.0
620,242032.0,4.0,5.0,3.0,left,3.6818445526296273,1.0,1.0,A,B,A,across,within,across_within,0.0,0,300.0
621,242032.0,4.0,8.0,0.0,left,2.5221272061462514,3.0,3.0,A,B,A,across,within,across_within,0.0,0,300.0
622,242032.0,5.0,9.0,1.0,left,7.647656879678834,3.0,3.0,B,B,A,within,across,within_across,0.0,0,300.0
623,242032.0,4.0,9.0,7.0,right,1.3285916526219808,4.0,2.0,A,B,B,across,across,across_across,2.0,1,300.0
624,242032.0,5.0,7.0,6.0,left,3.734832729154732,1.0,1.0,B,B,B,within,within,within_within,0.0,0,300.0
625,242032.0,3.0,6.0,2.0,right,4.731532589357812,3.0,1.0,A,B,A,across,within,across_within,2.0,1,300.0
626,242032.0,8.0,1.0,0.0,left,2.8813845313270576,5.0,6.0,B,A,A,across,across,across_across,-1.0,0,300.0
627,242032.0,4.0,1.0,7.0,right,2.7294341194210574,2.0,2.0,A,A,B,within,across,within_across,0.0,1,300.0
628,242032.0,9.0,0.0,2.0,right,1.2791161191416904,7.0,5.0,B,A,A,across,across,across_across,2.0,1,300.0
629,242032.0,5.0,6.0,4.0,left,3.254366429289803,1.0,1.0,B,B,A,within,across,within_across,0.0,0,300.0
630,242032.0,4.0,2.0,5.0,left,2.4630177880753763,1.0,1.0,A,A,B,within,across,within_across,0.0,0,300.0
631,242032.0,5.0,8.0,3.0,left,2.984141942579299,2.0,2.0,B,B,A,within,across,within_across,0.0,0,300.0
632,242032.0,6.0,3.0,8.0,left,2.291876880917698,3.0,1.0,B,A,B,across,within,across_within,2.0,0,300.0
633,242032.0,4.0,1.0,6.0,right,4.786662702390458,2.0,2.0,A,A,B,within,across,within_across,0.0,1,300.0
634,242032.0,8.0,3.0,0.0,right,1.9261961610754952,4.0,6.0,B,A,A,across,across,across_across,-2.0,1,300.0
635,242032.0,4.0,9.0,8.0,left,13.003229506546631,4.0,3.0,A,B,B,across,across,across_across,1.0,0,300.0
636,242032.0,0.0,6.0,2.0,left,10.74094763182802,5.0,2.0,A,B,A,across,within,across_within,3.0,0,300.0
637,242032.0,8.0,9.0,3.0,left,11.857161571912002,1.0,4.0,B,B,A,within,across,within_across,-3.0,0,300.0
638,242032.0,5.0,2.0,8.0,left,4.105468337307684,2.0,2.0,B,A,B,across,within,across_within,0.0,0,300.0
639,242032.0,9.0,1.0,2.0,left,4.0484438058920205,6.0,5.0,B,A,A,across,across,across_across,1.0,0,300.0
640,242033.0,5.0,7.0,6.0,right,6.790264089650009,1.0,1.0,B,B,B,within,within,within_within,0.0,1,1.0
641,242033.0,4.0,0.0,8.0,right,1.8652650706935676,3.0,3.0,A,A,B,within,across,within_across,0.0,1,1.0
642,242033.0,4.0,5.0,3.0,left,2.130389780504629,1.0,1.0,A,B,A,across,within,across_within,0.0,0,1.0
643,242033.0,5.0,0.0,6.0,left,2.12718412023969,4.0,1.0,B,A,B,across,within,across_within,3.0,0,1.0
644,242033.0,2.0,0.0,5.0,right,1.517629320616834,2.0,2.0,A,A,B,within,across,within_across,0.0,1,1.0
645,242033.0,4.0,1.0,7.0,left,4.108128552441485,2.0,2.0,A,A,B,within,across,within_across,0.0,0,1.0
646,242033.0,0.0,9.0,8.0,right,0.5310028404346667,7.0,6.0,A,B,B,across,across,across_across,1.0,1,1.0
647,242033.0,5.0,2.0,8.0,left,0.2572370347334072,2.0,2.0,B,A,B,across,within,across_within,0.0,0,1.0
648,242033.0,4.0,5.0,2.0,right,0.081415320164524,1.0,1.0,A,B,A,across,within,across_within,0.0,1,1.0
649,242033.0,5.0,3.0,8.0,left,0.5936958365491591,2.0,2.0,B,A,B,across,within,across_within,0.0,0,1.0
650,242033.0,3.0,1.0,8.0,right,1.157232205150649,1.0,4.0,A,A,B,within,across,within_across,-3.0,1,1.0
651,242033.0,4.0,2.0,5.0,right,0.3624113689293153,1.0,1.0,A,A,B,within,across,within_across,0.0,1,1.0
652,242033.0,3.0,2.0,9.0,left,0.2072682763100601,1.0,5.0,A,A,B,within,across,within_across,-4.0,0,1.0
653,242033.0,4.0,1.0,0.0,right,0.194170044909697,2.0,3.0,A,A,A,within,within,within_within,-1.0,1,1.0
654,242033.0,5.0,8.0,3.0,left,0.0940336081548594,2.0,2.0,B,B,A,within,across,within_across,0.0,0,1.0
655,242033.0,4.0,6.0,2.0,right,0.3576158580835908,2.0,1.0,A,B,A,across,within,across_within,1.0,1,1.0
656,242033.0,5.0,6.0,4.0,left,0.2254988846834749,1.0,1.0,B,B,A,within,across,within_across,0.0,0,1.0
657,242033.0,4.0,6.0,1.0,right,0.0597091965028084,2.0,2.0,A,B,A,across,within,across_within,0.0,1,1.0
658,242033.0,5.0,9.0,1.0,right,0.212635493488051,3.0,3.0,B,B,A,within,across,within_across,0.0,1,1.0
659,242033.0,0.0,6.0,8.0,left,0.2398211229592561,5.0,6.0,A,B,B,across,across,across_across,-1.0,0,1.0
660,242033.0,6.0,7.0,4.0,left,11.861727679148316,1.0,2.0,B,B,A,within,across,within_across,-1.0,0,1.0
661,242033.0,4.0,7.0,0.0,right,2.404973378404975,2.0,3.0,A,B,A,across,within,across_within,-1.0,1,1.0
662,242033.0,5.0,1.0,9.0,left,4.483504124451429,3.0,3.0,B,A,B,across,within,across_within,0.0,0,1.0
663,242033.0,4.0,5.0,2.0,left,5.785724311135709,1.0,1.0,A,B,A,across,within,across_within,0.0,0,1.0
664,242033.0,5.0,7.0,6.0,left,1.8829678599722683,1.0,1.0,B,B,B,within,within,within_within,0.0,0,1.0
665,242033.0,4.0,5.0,3.0,right,1.2017459524795413,1.0,1.0,A,B,A,across,within,across_within,0.0,1,1.0
666,242033.0,9.0,0.0,8.0,right,2.9780456451699138,7.0,1.0,B,A,B,across,within,across_within,6.0,1,1.0
667,242033.0,4.0,3.0,5.0,left,2.6071561062708497,1.0,1.0,A,A,B,within,across,within_across,0.0,0,1.0
668,242033.0,1.0,7.0,3.0,left,0.9425452300347388,4.0,1.0,A,B,A,across,within,across_within,3.0,0,1.0
669,242033.0,4.0,6.0,1.0,right,0.2260287683457136,2.0,2.0,A,B,A,across,within,across_within,0.0,1,1.0
670,242033.0,1.0,4.0,3.0,right,0.9748397106304764,2.0,1.0,A,A,A,within,within,within_within,1.0,1,1.0
671,242033.0,6.0,5.0,1.0,right,2.1492894934490323,1.0,4.0,B,B,A,within,across,within_across,-3.0,1,1.0
672,242033.0,9.0,3.0,1.0,left,2.3609544937498868,5.0,6.0,B,A,A,across,across,across_across,-1.0,0,1.0
673,242033.0,1.0,0.0,7.0,left,0.9624406755901872,1.0,4.0,A,A,B,within,across,within_across,-3.0,0,1.0
674,242033.0,4.0,0.0,8.0,right,1.706857608165592,3.0,3.0,A,A,B,within,across,within_across,0.0,1,1.0
675,242033.0,5.0,8.0,2.0,left,1.301820539869368,2.0,2.0,B,B,A,within,across,within_across,0.0,0,1.0
676,242033.0,4.0,7.0,1.0,right,5.290085570886731,2.0,2.0,A,B,A,across,within,across_within,0.0,1,1.0
677,242033.0,5.0,6.0,4.0,left,1.1756586865521967,1.0,1.0,B,B,A,within,across,within_across,0.0,0,1.0
678,242033.0,3.0,4.0,1.0,right,1.501161664258689,1.0,1.0,A,A,A,within,within,within_within,0.0,1,1.0
679,242033.0,5.0,3.0,8.0,right,1.8270540270023048,2.0,2.0,B,A,B,across,within,across_within,0.0,1,1.0
680,242034.0,7.0,1.0,3.0,right,4.843288790143561,4.0,3.0,B,A,A,across,across,across_across,1.0,1,300.0
681,242034.0,5.0,8.0,2.0,left,3.420495700091124,2.0,2.0,B,B,A,within,across,within_across,0.0,0,300.0
682,242034.0,9.0,5.0,7.0,left,1.869832985685207,3.0,2.0,B,B,B,within,within,within_within,1.0,0,300.0
683,242034.0,5.0,1.0,9.0,right,1.97426627506502,3.0,3.0,B,A,B,across,within,across_within,0.0,1,300.0
684,242034.0,4.0,6.0,1.0,right,2.970746085746214,2.0,2.0,A,B,A,across,within,across_within,0.0,1,300.0
685,242034.0,6.0,3.0,5.0,right,2.2470987567212437,3.0,1.0,B,A,B,across,within,across_within,2.0,1,300.0
686,242034.0,5.0,0.0,8.0,right,2.543270980939269,4.0,2.0,B,A,B,across,within,across_within,2.0,1,300.0
687,242034.0,9.0,6.0,0.0,left,7.964794786472339,2.0,7.0,B,B,A,within,across,within_across,-5.0,0,300.0
688,242034.0,5.0,7.0,6.0,left,1.3853300290647894,1.0,1.0,B,B,B,within,within,within_within,0.0,0,300.0
689,242034.0,1.0,8.0,0.0,right,1.308131570869591,5.0,1.0,A,B,A,across,within,across_within,4.0,1,300.0
690,242034.0,5.0,8.0,3.0,right,2.547298582212534,2.0,2.0,B,B,A,within,across,within_across,0.0,1,300.0
691,242034.0,4.0,5.0,2.0,right,3.344765748362988,1.0,1.0,A,B,A,across,within,across_within,0.0,1,300.0
692,242034.0,0.0,1.0,8.0,right,3.42113170074299,1.0,6.0,A,A,B,within,across,within_across,-5.0,1,300.0
693,242034.0,5.0,6.0,4.0,left,1.3670915726106614,1.0,1.0,B,B,A,within,across,within_across,0.0,0,300.0
694,242034.0,6.0,1.0,7.0,right,1.1159286906477064,4.0,1.0,B,A,B,across,within,across_within,3.0,1,300.0
695,242034.0,4.0,1.0,7.0,left,2.4507641364471056,2.0,2.0,A,A,B,within,across,within_across,0.0,0,300.0
696,242034.0,4.0,5.0,3.0,right,6.050947963842191,1.0,1.0,A,B,A,across,within,across_within,0.0,1,300.0
697,242034.0,9.0,4.0,6.0,left,2.4994032400427386,4.0,2.0,B,A,B,across,within,across_within,2.0,0,300.0
698,242034.0,4.0,8.0,0.0,left,1.5390722299925983,3.0,3.0,A,B,A,across,within,across_within,0.0,0,300.0
699,242034.0,8.0,2.0,3.0,right,0.9528780007967724,4.0,4.0,B,A,A,across,across,across_across,0.0,1,300.0
700,242035.0,4.0,9.0,7.0,right,6.36057430220535,4.0,2.0,A,B,B,across,across,across_across,2.0,1,1.0
701,242035.0,3.0,9.0,0.0,left,4.140672343492042,5.0,2.0,A,B,A,across,within,across_within,3.0,0,1.0
702,242035.0,7.0,8.0,1.0,right,2.5529136192635637,1.0,4.0,B,B,A,within,across,within_across,-3.0,1,1.0
703,242035.0,6.0,1.0,8.0,right,3.718421982019208,4.0,1.0,B,A,B,across,within,across_within,3.0,1,1.0
704,242035.0,5.0,4.0,0.0,right,2.6926933884969912,1.0,4.0,B,A,A,across,across,across_across,-3.0,1,1.0
705,242035.0,5.0,2.0,8.0,left,4.795138685614802,2.0,2.0,B,A,B,across,within,across_within,0.0,0,1.0
706,242035.0,2.0,5.0,0.0,right,2.2143626863253303,2.0,2.0,A,B,A,across,within,across_within,0.0,1,1.0
707,242035.0,4.0,5.0,3.0,right,2.4490731657715514,1.0,1.0,A,B,A,across,within,across_within,0.0,1,1.0
708,242035.0,9.0,4.0,8.0,right,1.434527859382797,4.0,1.0,B,A,B,across,within,across_within,3.0,1,1.0
709,242035.0,4.0,5.0,2.0,left,2.899354642024264,1.0,1.0,A,B,A,across,within,across_within,0.0,0,1.0
710,242035.0,5.0,7.0,6.0,right,1.522699817956891,1.0,1.0,B,B,B,within,within,within_within,0.0,1,1.0
711,242035.0,4.0,8.0,0.0,right,1.2891662566107698,3.0,3.0,A,B,A,across,within,across_within,0.0,1,1.0
712,242035.0,4.0,3.0,6.0,left,2.449030906544067,1.0,2.0,A,A,B,within,across,within_across,-1.0,0,1.0
713,242035.0,5.0,8.0,3.0,left,1.4334584003663622,2.0,2.0,B,B,A,within,across,within_across,0.0,0,1.0
714,242035.0,4.0,7.0,1.0,right,0.9075529220863244,2.0,2.0,A,B,A,across,within,across_within,0.0,1,1.0
715,242035.0,2.0,5.0,4.0,left,4.051498238695785,2.0,1.0,A,B,A,across,within,across_within,1.0,0,1.0
716,242035.0,4.0,1.0,6.0,right,1.1557332117808985,2.0,2.0,A,A,B,within,across,within_across,0.0,1,1.0
717,242035.0,6.0,3.0,8.0,left,1.5368922602501698,3.0,1.0,B,A,B,across,within,across_within,2.0,0,1.0
718,242035.0,5.0,1.0,9.0,left,2.533799492288381,3.0,3.0,B,A,B,across,within,across_within,0.0,0,1.0
719,242035.0,5.0,4.0,6.0,right,1.5624288762919605,1.0,1.0,B,A,B,across,within,across_within,0.0,1,1.0
720,242037.0,5.0,4.0,6.0,left,14.20924990903586,1.0,1.0,B,A,B,across,within,across_within,0.0,0,1.0
721,242037.0,5.0,1.0,9.0,left,3.923049431294203,3.0,3.0,B,A,B,across,within,across_within,0.0,0,1.0
722,242037.0,4.0,5.0,8.0,right,2.425536211580038,1.0,3.0,A,B,B,across,across,across_across,-2.0,1,1.0
723,242037.0,4.0,5.0,2.0,right,4.532048927620053,1.0,1.0,A,B,A,across,within,across_within,0.0,1,1.0
724,242037.0,6.0,0.0,8.0,right,3.874189800582826,5.0,1.0,B,A,B,across,within,across_within,4.0,1,1.0
725,242037.0,4.0,7.0,1.0,right,2.9307408360764384,2.0,2.0,A,B,A,across,within,across_within,0.0,1,1.0
726,242037.0,0.0,1.0,7.0,left,2.7848652503453195,1.0,5.0,A,A,B,within,across,within_across,-4.0,0,1.0
727,242037.0,9.0,0.0,4.0,left,1.5321032600477338,7.0,4.0,B,A,A,across,across,across_across,3.0,0,1.0
728,242037.0,4.0,0.0,8.0,left,2.7861656141467392,3.0,3.0,A,A,B,within,across,within_across,0.0,0,1.0
729,242037.0,1.0,8.0,6.0,left,2.8934232923202217,5.0,4.0,A,B,B,across,across,across_across,1.0,0,1.0
730,242037.0,2.0,7.0,0.0,left,6.505683356896043,3.0,2.0,A,B,A,across,within,across_within,1.0,0,1.0
731,242037.0,4.0,5.0,3.0,right,1.1063895616680384,1.0,1.0,A,B,A,across,within,across_within,0.0,1,1.0
732,242037.0,4.0,1.0,6.0,left,3.382785694207996,2.0,2.0,A,A,B,within,across,within_across,0.0,0,1.0
733,242037.0,5.0,8.0,2.0,right,1.1776581313461063,2.0,2.0,B,B,A,within,across,within_across,0.0,1,1.0
734,242037.0,1.0,4.0,3.0,right,1.5989449182525275,2.0,1.0,A,A,A,within,within,within_within,1.0,1,1.0
735,242037.0,5.0,7.0,6.0,left,1.280948312021792,1.0,1.0,B,B,B,within,within,within_within,0.0,0,1.0
736,242037.0,0.0,2.0,3.0,right,2.2751664016395807,2.0,2.0,A,A,A,within,within,within_within,0.0,1,1.0
737,242037.0,5.0,8.0,3.0,left,2.8927845805883408,2.0,2.0,B,B,A,within,across,within_across,0.0,0,1.0
738,242037.0,7.0,9.0,3.0,left,1.7209352236241102,2.0,3.0,B,B,A,within,across,within_across,-1.0,0,1.0
739,242037.0,0.0,8.0,2.0,left,3.018844106700272,6.0,2.0,A,B,A,across,within,across_within,4.0,0,1.0
740,242038.0,5.0,2.0,8.0,left,5.090964384609833,2.0,2.0,B,A,B,across,within,across_within,0.0,0,300.0
741,242038.0,7.0,3.0,4.0,left,3.5545230901334435,3.0,2.0,B,A,A,across,across,across_across,1.0,0,300.0
742,242038.0,4.0,6.0,1.0,right,3.2065290425671265,2.0,2.0,A,B,A,across,within,across_within,0.0,1,300.0
743,242038.0,5.0,4.0,6.0,left,5.553647419670597,1.0,1.0,B,A,B,across,within,across_within,0.0,0,300.0
744,242038.0,0.0,5.0,9.0,right,1.55841425457038,4.0,7.0,A,B,B,across,across,across_across,-3.0,1,300.0
745,242038.0,4.0,5.0,2.0,right,1.9065758294891568,1.0,1.0,A,B,A,across,within,across_within,0.0,1,300.0
746,242038.0,9.0,2.0,3.0,right,2.233697164687328,5.0,5.0,B,A,A,across,across,across_across,0.0,1,300.0
747,242038.0,5.0,0.0,6.0,left,3.227794161532074,4.0,1.0,B,A,B,across,within,across_within,3.0,0,300.0
748,242038.0,7.0,0.0,8.0,right,15.581156331696548,5.0,1.0,B,A,B,across,within,across_within,4.0,1,300.0
749,242038.0,5.0,8.0,3.0,left,1.6400475114351138,2.0,2.0,B,B,A,within,across,within_across,0.0,0,300.0
750,242038.0,7.0,4.0,5.0,right,1.1288412836147472,2.0,1.0,B,A,B,across,within,across_within,1.0,1,300.0
751,242038.0,4.0,7.0,1.0,left,1.7830187539802864,2.0,2.0,A,B,A,across,within,across_within,0.0,0,300.0
752,242038.0,4.0,3.0,5.0,right,3.3552116128848866,1.0,1.0,A,A,B,within,across,within_across,0.0,1,300.0
753,242038.0,5.0,7.0,6.0,left,6.599301516194828,1.0,1.0,B,B,B,within,within,within_within,0.0,0,300.0
754,242038.0,4.0,6.0,7.0,right,1.7143183142179623,2.0,2.0,A,B,B,across,across,across_across,0.0,1,300.0
755,242038.0,5.0,1.0,9.0,left,2.936814684420824,3.0,3.0,B,A,B,across,within,across_within,0.0,0,300.0
756,242038.0,4.0,8.0,9.0,left,2.654853617190384,3.0,4.0,A,B,B,across,across,across_across,-1.0,0,300.0
757,242038.0,2.0,4.0,0.0,left,2.7988934132736176,1.0,2.0,A,A,A,within,within,within_within,-1.0,0,300.0
758,242038.0,5.0,7.0,4.0,left,2.81033931102138,1.0,1.0,B,B,A,within,across,within_across,0.0,0,300.0
759,242038.0,4.0,8.0,0.0,left,2.052701115841046,3.0,3.0,A,B,A,across,within,across_within,0.0,0,300.0
760,242039.0,5.0,6.0,4.0,right,5.160063836956397,1.0,1.0,B,B,A,within,across,within_across,0.0,1,1.0
761,242039.0,3.0,8.0,6.0,left,5.461612788029015,4.0,3.0,A,B,B,across,across,across_across,1.0,0,1.0
762,242039.0,4.0,5.0,2.0,right,2.3896904210560024,1.0,1.0,A,B,A,across,within,across_within,0.0,1,1.0
763,242039.0,4.0,0.0,8.0,right,3.817431482952088,3.0,3.0,A,A,B,within,across,within_across,0.0,1,1.0
764,242039.0,8.0,0.0,1.0,right,6.5723754551727325,6.0,5.0,B,A,A,across,across,across_across,1.0,1,1.0
765,242039.0,5.0,8.0,2.0,left,3.1765002766624093,2.0,2.0,B,B,A,within,across,within_across,0.0,0,1.0
766,242039.0,4.0,1.0,6.0,right,5.189925386803225,2.0,2.0,A,A,B,within,across,within_across,0.0,1,1.0
767,242039.0,9.0,2.0,1.0,left,1.3783565792255104,5.0,6.0,B,A,A,across,across,across_across,-1.0,0,1.0
768,242039.0,2.0,7.0,6.0,right,2.7096550916321576,3.0,3.0,A,B,B,across,across,across_across,0.0,1,1.0
769,242039.0,5.0,7.0,6.0,left,4.260686508379877,1.0,1.0,B,B,B,within,within,within_within,0.0,0,1.0
770,242039.0,5.0,6.0,1.0,left,1.4536754463333637,1.0,3.0,B,B,A,within,across,within_across,-2.0,0,1.0
771,242039.0,1.0,4.0,7.0,left,1.350687419762835,2.0,4.0,A,A,B,within,across,within_across,-2.0,0,1.0
772,242039.0,4.0,5.0,3.0,right,2.074503248091787,1.0,1.0,A,B,A,across,within,across_within,0.0,1,1.0
773,242039.0,1.0,6.0,7.0,right,1.0347914858721197,4.0,4.0,A,B,B,across,across,across_across,0.0,1,1.0
774,242039.0,4.0,1.0,7.0,left,1.9323797051329168,2.0,2.0,A,A,B,within,across,within_across,0.0,0,1.0
775,242039.0,7.0,8.0,9.0,left,1.906631566816941,1.0,2.0,B,B,B,within,within,within_within,-1.0,0,1.0
776,242039.0,5.0,1.0,9.0,right,2.5142998930532485,3.0,3.0,B,A,B,across,within,across_within,0.0,1,1.0
777,242039.0,5.0,3.0,8.0,left,1.840926255565137,2.0,2.0,B,A,B,across,within,across_within,0.0,0,1.0
778,242039.0,3.0,9.0,4.0,left,1.915201903320849,5.0,1.0,A,B,A,across,within,across_within,4.0,0,1.0
779,242039.0,5.0,9.0,3.0,left,2.442545962287113,3.0,2.0,B,B,A,within,across,within_across,1.0,0,1.0
780,242040.0,9.0,5.0,2.0,right,3.186441704630852,3.0,5.0,B,B,A,within,across,within_across,-2.0,1,300.0
781,242040.0,4.0,1.0,6.0,right,1.9181798994541168,2.0,2.0,A,A,B,within,across,within_across,0.0,1,300.0
782,242040.0,4.0,7.0,1.0,right,3.356257690116763,2.0,2.0,A,B,A,across,within,across_within,0.0,1,300.0
783,242040.0,3.0,1.0,8.0,left,2.69679731503129,1.0,4.0,A,A,B,within,across,within_across,-3.0,0,300.0
784,242040.0,3.0,0.0,6.0,right,1.6235683783888817,2.0,3.0,A,A,B,within,across,within_across,-1.0,1,300.0
785,242040.0,1.0,9.0,8.0,left,2.506045538932085,6.0,5.0,A,B,B,across,across,across_across,1.0,0,300.0
786,242040.0,5.0,3.0,8.0,right,2.729092808440328,2.0,2.0,B,A,B,across,within,across_within,0.0,1,300.0
787,242040.0,4.0,0.0,8.0,left,2.21511141769588,3.0,3.0,A,A,B,within,across,within_across,0.0,0,300.0
788,242040.0,5.0,4.0,6.0,right,2.040853152051568,1.0,1.0,B,A,B,across,within,across_within,0.0,1,300.0
789,242040.0,4.0,3.0,5.0,left,1.8825553394854069,1.0,1.0,A,A,B,within,across,within_across,0.0,0,300.0
790,242040.0,0.0,6.0,9.0,left,1.2663157992064953,5.0,7.0,A,B,B,across,across,across_across,-2.0,0,300.0
791,242040.0,5.0,4.0,0.0,right,2.9387815464288,1.0,4.0,B,A,A,across,across,across_across,-3.0,1,300.0
792,242040.0,4.0,2.0,3.0,right,1.3048534840345385,1.0,1.0,A,A,A,within,within,within_within,0.0,1,300.0
793,242040.0,4.0,1.0,0.0,left,1.7509175390005112,2.0,3.0,A,A,A,within,within,within_within,-1.0,0,300.0
794,242040.0,1.0,5.0,6.0,right,1.2680037263780832,3.0,4.0,A,B,B,across,across,across_across,-1.0,1,300.0
795,242040.0,5.0,6.0,7.0,left,1.9482160694897173,1.0,1.0,B,B,B,within,within,within_within,0.0,0,300.0
796,242040.0,5.0,2.0,8.0,right,4.689307287335396,2.0,2.0,B,A,B,across,within,across_within,0.0,1,300.0
797,242040.0,5.0,9.0,1.0,right,7.319489130750298,3.0,3.0,B,B,A,within,across,within_across,0.0,1,300.0
798,242040.0,4.0,2.0,5.0,left,1.0694730579853058,1.0,1.0,A,A,B,within,across,within_across,0.0,0,300.0
799,242040.0,8.0,0.0,9.0,left,1.1900041028857231,6.0,1.0,B,A,B,across,within,across_within,5.0,0,300.0
800,242060.0,6.0,9.0,2.0,right,5.254200575873256,2.0,3.0,B,B,A,within,across,within_across,-1.0,1,300.0
801,242060.0,1.0,9.0,7.0,right,3.0706762187182903,6.0,4.0,A,B,B,across,across,across_across,2.0,1,300.0
802,242060.0,5.0,1.0,9.0,left,1.4866799544543028,3.0,3.0,B,A,B,across,within,across_within,0.0,0,300.0
803,242060.0,6.0,7.0,9.0,left,1.3825044762343168,1.0,2.0,B,B,B,within,within,within_within,-1.0,0,300.0
804,242060.0,8.0,9.0,3.0,right,1.2255981769412756,1.0,4.0,B,B,A,within,across,within_across,-3.0,1,300.0
805,242060.0,0.0,7.0,5.0,right,2.9554208517074585,5.0,4.0,A,B,B,across,across,across_across,1.0,1,300.0
806,242060.0,9.0,8.0,6.0,left,2.6804354079067707,1.0,2.0,B,B,B,within,within,within_within,-1.0,0,300.0
807,242060.0,5.0,7.0,6.0,right,1.8324641659855845,1.0,1.0,B,B,B,within,within,within_within,0.0,1,300.0
808,242060.0,4.0,1.0,7.0,left,1.4015664029866457,2.0,2.0,A,A,B,within,across,within_across,0.0,0,300.0
809,242060.0,5.0,4.0,6.0,left,1.387922627851367,1.0,1.0,B,A,B,across,within,across_within,0.0,0,300.0
810,242060.0,4.0,3.0,5.0,left,2.5521598793566227,1.0,1.0,A,A,B,within,across,within_across,0.0,0,300.0
811,242060.0,5.0,7.0,4.0,left,1.644386751577258,1.0,1.0,B,B,A,within,across,within_across,0.0,0,300.0
812,242060.0,4.0,6.0,1.0,right,1.5103021822869778,2.0,2.0,A,B,A,across,within,across_within,0.0,1,300.0
813,242060.0,5.0,8.0,3.0,right,0.5397651456296444,2.0,2.0,B,B,A,within,across,within_across,0.0,1,300.0
814,242060.0,7.0,0.0,8.0,right,0.7136020306497812,5.0,1.0,B,A,B,across,within,across_within,4.0,1,300.0
815,242060.0,5.0,9.0,8.0,right,0.6164647154510021,3.0,2.0,B,B,B,within,within,within_within,1.0,1,300.0
816,242060.0,4.0,0.0,8.0,left,1.6433049328625202,3.0,3.0,A,A,B,within,across,within_across,0.0,0,300.0
817,242060.0,5.0,2.0,8.0,left,1.1003966554999352,2.0,2.0,B,A,B,across,within,across_within,0.0,0,300.0
818,242060.0,4.0,2.0,5.0,right,0.2991971764713526,1.0,1.0,A,A,B,within,across,within_across,0.0,1,300.0
819,242060.0,1.0,8.0,6.0,right,1.066764585673809,5.0,4.0,A,B,B,across,across,across_across,1.0,1,300.0
820,242061.0,1.0,7.0,6.0,right,3.6713843597099194,4.0,4.0,A,B,B,across,across,across_across,0.0,1,1.0
821,242061.0,4.0,0.0,8.0,right,1.864051611162722,3.0,3.0,A,A,B,within,across,within_across,0.0,1,1.0
822,242061.0,5.0,6.0,7.0,right,1.7133316565304997,1.0,1.0,B,B,B,within,within,within_within,0.0,1,1.0
823,242061.0,6.0,8.0,1.0,left,1.8325618589296937,1.0,4.0,B,B,A,within,across,within_across,-3.0,0,1.0
824,242061.0,5.0,3.0,8.0,right,1.1067611370235682,2.0,2.0,B,A,B,across,within,across_within,0.0,1,1.0
825,242061.0,5.0,6.0,4.0,right,0.8487059297040105,1.0,1.0,B,B,A,within,across,within_across,0.0,1,1.0
826,242061.0,8.0,1.0,5.0,left,0.7941848263144493,5.0,2.0,B,A,B,across,within,across_within,3.0,0,1.0
827,242061.0,5.0,9.0,1.0,left,2.1333890138193965,3.0,3.0,B,B,A,within,across,within_across,0.0,0,1.0
828,242061.0,4.0,1.0,7.0,right,1.6033033104613423,2.0,2.0,A,A,B,within,across,within_across,0.0,1,1.0
829,242061.0,4.0,5.0,3.0,right,1.9342111898586156,1.0,1.0,A,B,A,across,within,across_within,0.0,1,1.0
830,242061.0,9.0,3.0,2.0,right,0.8832262428477407,5.0,5.0,B,A,A,across,across,across_across,0.0,1,1.0
831,242061.0,8.0,9.0,5.0,left,0.5469563249498606,1.0,2.0,B,B,B,within,within,within_within,-1.0,0,1.0
832,242061.0,7.0,2.0,5.0,right,2.768175135366618,3.0,1.0,B,A,B,across,within,across_within,2.0,1,1.0
833,242061.0,3.0,0.0,7.0,left,1.0444770911708474,2.0,3.0,A,A,B,within,across,within_across,-1.0,0,1.0
834,242061.0,4.0,1.0,6.0,right,0.8863069098442793,2.0,2.0,A,A,B,within,across,within_across,0.0,1,1.0
835,242061.0,6.0,2.0,8.0,left,1.333570184186101,3.0,1.0,B,A,B,across,within,across_within,2.0,0,1.0
836,242061.0,5.0,8.0,2.0,right,0.7063879314810038,2.0,2.0,B,B,A,within,across,within_across,0.0,1,1.0
837,242061.0,5.0,7.0,4.0,left,1.225575391203165,1.0,1.0,B,B,A,within,across,within_across,0.0,0,1.0
838,242061.0,4.0,5.0,2.0,right,0.7241173116490245,1.0,1.0,A,B,A,across,within,across_within,0.0,1,1.0
839,242061.0,2.0,0.0,5.0,right,0.8986220303922892,2.0,2.0,A,A,B,within,across,within_across,0.0,1,1.0
840,242062.0,4.0,5.0,3.0,right,4.997711395844817,1.0,1.0,A,B,A,across,within,across_within,0.0,1,300.0
841,242062.0,5.0,8.0,2.0,right,5.320927429944277,2.0,2.0,B,B,A,within,across,within_across,0.0,1,300.0
842,242062.0,5.0,8.0,3.0,left,4.4700563456863165,2.0,2.0,B,B,A,within,across,within_across,0.0,0,300.0
843,242062.0,4.0,1.0,7.0,left,3.4380980152636766,2.0,2.0,A,A,B,within,across,within_across,0.0,0,300.0
844,242062.0,4.0,2.0,5.0,left,5.895714350044727,1.0,1.0,A,A,B,within,across,within_across,0.0,0,300.0
845,242062.0,5.0,3.0,0.0,right,2.2210245952010155,2.0,4.0,B,A,A,across,across,across_across,-2.0,1,300.0
846,242062.0,9.0,1.0,8.0,right,3.44783166795969,6.0,1.0,B,A,B,across,within,across_within,5.0,1,300.0
847,242062.0,5.0,1.0,2.0,left,7.368210220709443,3.0,2.0,B,A,A,across,across,across_across,1.0,0,300.0
848,242062.0,5.0,6.0,4.0,left,2.3721846360713243,1.0,1.0,B,B,A,within,across,within_across,0.0,0,300.0
849,242062.0,5.0,1.0,9.0,right,3.456265870481729,3.0,3.0,B,A,B,across,within,across_within,0.0,1,300.0
850,242062.0,1.0,3.0,9.0,left,4.1682847160846,1.0,6.0,A,A,B,within,across,within_across,-5.0,0,300.0
851,242062.0,4.0,0.0,8.0,left,2.852499548345804,3.0,3.0,A,A,B,within,across,within_across,0.0,0,300.0
852,242062.0,7.0,6.0,9.0,right,2.3971932474523783,1.0,2.0,B,B,B,within,within,within_within,-1.0,1,300.0
853,242062.0,7.0,3.0,4.0,left,1.96829491853714,3.0,2.0,B,A,A,across,across,across_across,1.0,0,300.0
854,242062.0,5.0,6.0,7.0,right,0.8923188745975494,1.0,1.0,B,B,B,within,within,within_within,0.0,1,300.0
855,242062.0,4.0,1.0,6.0,right,9.314934261143208,2.0,2.0,A,A,B,within,across,within_across,0.0,1,300.0
856,242062.0,4.0,6.0,3.0,left,4.511794211342931,2.0,1.0,A,B,A,across,within,across_within,1.0,0,300.0
857,242062.0,1.0,2.0,7.0,left,4.446015456691384,1.0,4.0,A,A,B,within,across,within_across,-3.0,0,300.0
858,242062.0,8.0,1.0,9.0,right,2.967248417437077,5.0,1.0,B,A,B,across,within,across_within,4.0,1,300.0
859,242062.0,5.0,9.0,2.0,left,1.8032840322703123,3.0,2.0,B,B,A,within,across,within_across,1.0,0,300.0
860,242062.0,4.0,2.0,5.0,right,3.5596097595989704,1.0,1.0,A,A,B,within,across,within_across,0.0,1,300.0
861,242062.0,4.0,8.0,0.0,left,4.147006329149008,3.0,3.0,A,B,A,across,within,across_within,0.0,0,300.0
862,242062.0,4.0,8.0,6.0,right,2.95224180072546,3.0,2.0,A,B,B,across,across,across_across,1.0,1,300.0
863,242062.0,5.0,8.0,3.0,left,3.820968933403492,2.0,2.0,B,B,A,within,across,within_across,0.0,0,300.0
864,242062.0,5.0,6.0,7.0,left,1.229887118563056,1.0,1.0,B,B,B,within,within,within_within,0.0,0,300.0
865,242062.0,1.0,2.0,7.0,left,2.0796797052025795,1.0,4.0,A,A,B,within,across,within_across,-3.0,0,300.0
866,242062.0,5.0,6.0,2.0,left,1.9349604696035383,1.0,2.0,B,B,A,within,across,within_across,-1.0,0,300.0
867,242062.0,0.0,3.0,9.0,right,3.724832845851779,2.0,7.0,A,A,B,within,across,within_across,-5.0,1,300.0
868,242062.0,4.0,1.0,7.0,right,1.4181921239942312,2.0,2.0,A,A,B,within,across,within_across,0.0,1,300.0
869,242062.0,5.0,8.0,2.0,left,1.6283013354986906,2.0,2.0,B,B,A,within,across,within_across,0.0,0,300.0
870,242062.0,8.0,6.0,9.0,right,1.0463974736630917,1.0,1.0,B,B,B,within,within,within_within,0.0,1,300.0
871,242062.0,0.0,9.0,6.0,right,0.8795721866190434,7.0,5.0,A,B,B,across,across,across_across,2.0,1,300.0
872,242062.0,8.0,1.0,2.0,left,1.3517091628164053,5.0,4.0,B,A,A,across,across,across_across,1.0,0,300.0
873,242062.0,5.0,6.0,4.0,right,1.148572612553835,1.0,1.0,B,B,A,within,across,within_across,0.0,1,300.0
874,242062.0,1.0,6.0,3.0,left,0.6406526044011116,4.0,1.0,A,B,A,across,within,across_within,3.0,0,300.0
875,242062.0,4.0,7.0,0.0,left,0.6505869869142771,2.0,3.0,A,B,A,across,within,across_within,-1.0,0,300.0
876,242062.0,5.0,9.0,4.0,right,0.6353509668260813,3.0,1.0,B,B,A,within,across,within_across,2.0,1,300.0
877,242062.0,4.0,5.0,3.0,left,0.6689072754234076,1.0,1.0,A,B,A,across,within,across_within,0.0,0,300.0
878,242062.0,5.0,9.0,1.0,left,1.429419919848442,3.0,3.0,B,B,A,within,across,within_across,0.0,0,300.0
879,242062.0,4.0,6.0,1.0,left,1.047532418742776,2.0,2.0,A,B,A,across,within,across_within,0.0,0,300.0
880,242063.0,2.0,7.0,6.0,right,6.725085489451885,3.0,3.0,A,B,B,across,across,across_across,0.0,1,1.0
881,242063.0,3.0,6.0,7.0,left,2.883196461945772,3.0,3.0,A,B,B,across,across,across_across,0.0,0,1.0
882,242063.0,3.0,4.0,0.0,left,4.081846060231328,1.0,2.0,A,A,A,within,within,within_within,-1.0,0,1.0
883,242063.0,9.0,1.0,0.0,left,2.1934596449136734,6.0,7.0,B,A,A,across,across,across_across,-1.0,0,1.0
884,242063.0,7.0,3.0,9.0,right,1.2844359632581472,3.0,2.0,B,A,B,across,within,across_within,1.0,1,1.0
885,242063.0,4.0,5.0,2.0,right,2.1243189200758934,1.0,1.0,A,B,A,across,within,across_within,0.0,1,1.0
886,242063.0,2.0,1.0,0.0,left,2.874772822484374,1.0,2.0,A,A,A,within,within,within_within,-1.0,0,1.0
887,242063.0,5.0,3.0,8.0,left,1.2580965124070644,2.0,2.0,B,A,B,across,within,across_within,0.0,0,1.0
888,242063.0,4.0,5.0,3.0,left,1.3309475369751451,1.0,1.0,A,B,A,across,within,across_within,0.0,0,1.0
889,242063.0,5.0,2.0,8.0,right,2.55300897359848,2.0,2.0,B,A,B,across,within,across_within,0.0,1,1.0
890,242063.0,4.0,5.0,2.0,left,3.149763397872448,1.0,1.0,A,B,A,across,within,across_within,0.0,0,1.0
891,242063.0,5.0,7.0,6.0,left,0.4580684993416071,1.0,1.0,B,B,B,within,within,within_within,0.0,0,1.0
892,242063.0,6.0,8.0,9.0,right,1.643307950347662,1.0,2.0,B,B,B,within,within,within_within,-1.0,1,1.0
893,242063.0,5.0,6.0,4.0,left,1.2763736378401518,1.0,1.0,B,B,A,within,across,within_across,0.0,0,1.0
894,242063.0,4.0,6.0,1.0,left,0.7240996602922678,2.0,2.0,A,B,A,across,within,across_within,0.0,0,1.0
895,242063.0,5.0,4.0,8.0,right,0.586997527629137,1.0,2.0,B,A,B,across,within,across_within,-1.0,1,1.0
896,242063.0,5.0,9.0,1.0,left,1.6945651583373549,3.0,3.0,B,B,A,within,across,within_across,0.0,0,1.0
897,242063.0,8.0,7.0,6.0,left,2.6206628028303385,1.0,1.0,B,B,B,within,within,within_within,0.0,0,1.0
898,242063.0,4.0,0.0,8.0,right,0.5190186109393835,3.0,3.0,A,A,B,within,across,within_across,0.0,1,1.0
899,242063.0,4.0,1.0,7.0,right,2.0695744771510363,2.0,2.0,A,A,B,within,across,within_across,0.0,1,1.0
900,242066.0,8.0,6.0,2.0,right,6.248406928032637,1.0,4.0,B,B,A,within,across,within_across,-3.0,1,300.0
901,242066.0,4.0,7.0,1.0,left,3.809634888544679,2.0,2.0,A,B,A,across,within,across_within,0.0,0,300.0
902,242066.0,5.0,1.0,6.0,right,5.386552544310689,3.0,1.0,B,A,B,across,within,across_within,2.0,1,300.0
903,242066.0,2.0,4.0,7.0,left,3.405645864084363,1.0,3.0,A,A,B,within,across,within_across,-2.0,0,300.0
904,242066.0,5.0,2.0,8.0,left,5.632738785818219,2.0,2.0,B,A,B,across,within,across_within,0.0,0,300.0
905,242066.0,4.0,3.0,5.0,left,7.289150509983301,1.0,1.0,A,A,B,within,across,within_across,0.0,0,300.0
906,242066.0,4.0,5.0,2.0,right,5.768958015367389,1.0,1.0,A,B,A,across,within,across_within,0.0,1,300.0
907,242066.0,6.0,5.0,4.0,left,2.500171599909663,1.0,2.0,B,B,A,within,across,within_across,-1.0,0,300.0
908,242066.0,2.0,1.0,5.0,left,3.5794836543500423,1.0,2.0,A,A,B,within,across,within_across,-1.0,0,300.0
909,242066.0,0.0,9.0,8.0,right,11.294170826673508,7.0,6.0,A,B,B,across,across,across_across,1.0,1,300.0
910,242066.0,5.0,7.0,6.0,right,7.340153258293867,1.0,1.0,B,B,B,within,within,within_within,0.0,1,300.0
911,242066.0,9.0,8.0,0.0,right,1.8969422616064548,1.0,7.0,B,B,A,within,across,within_across,-6.0,1,300.0
912,242066.0,4.0,6.0,1.0,right,2.0243382081389427,2.0,2.0,A,B,A,across,within,across_within,0.0,1,300.0
913,242066.0,4.0,8.0,0.0,right,5.362433174625039,3.0,3.0,A,B,A,across,within,across_within,0.0,1,300.0
914,242066.0,5.0,4.0,6.0,right,30.20493706688285,1.0,1.0,B,A,B,across,within,across_within,0.0,1,300.0
915,242066.0,7.0,5.0,3.0,left,3.2125043645501137,1.0,3.0,B,B,A,within,across,within_across,-2.0,0,300.0
916,242066.0,3.0,2.0,9.0,right,4.15875481069088,1.0,5.0,A,A,B,within,across,within_across,-4.0,1,300.0
917,242066.0,5.0,8.0,3.0,right,2.9876743890345097,2.0,2.0,B,B,A,within,across,within_across,0.0,1,300.0
918,242066.0,8.0,1.0,9.0,left,2.7510156389325857,5.0,1.0,B,A,B,across,within,across_within,4.0,0,300.0
919,242066.0,5.0,9.0,1.0,right,5.146735571324825,3.0,3.0,B,B,A,within,across,within_across,0.0,1,300.0
920,685913.0,5.0,6.0,7.0,right,11.831836855446454,1.0,1.0,B,B,B,within,within,within_within,0.0,1,1.0
921,685913.0,0.0,6.0,4.0,right,3.4400873557897285,5.0,3.0,A,B,A,across,within,across_within,2.0,1,1.0
922,685913.0,4.0,8.0,0.0,right,5.401480882253964,3.0,3.0,A,B,A,across,within,across_within,0.0,1,1.0
923,685913.0,5.0,4.0,6.0,right,4.932706187071744,1.0,1.0,B,A,B,across,within,across_within,0.0,1,1.0
924,685913.0,8.0,5.0,6.0,right,2.7215781387640163,2.0,1.0,B,B,B,within,within,within_within,1.0,1,1.0
925,685913.0,5.0,3.0,8.0,right,5.45601182046812,2.0,2.0,B,A,B,across,within,across_within,0.0,1,1.0
926,685913.0,5.0,2.0,8.0,left,4.0479629568289965,2.0,2.0,B,A,B,across,within,across_within,0.0,0,1.0
927,685913.0,4.0,5.0,3.0,left,3.8808822508435696,1.0,1.0,A,B,A,across,within,across_within,0.0,0,1.0
928,685913.0,7.0,3.0,4.0,left,3.953180153912399,3.0,2.0,B,A,A,across,across,across_across,1.0,0,1.0
929,685913.0,8.0,6.0,9.0,left,4.42919354402693,1.0,1.0,B,B,B,within,within,within_within,0.0,0,1.0
930,685913.0,5.0,9.0,1.0,left,1.895085257885512,3.0,3.0,B,B,A,within,across,within_across,0.0,0,1.0
931,685913.0,0.0,6.0,8.0,left,2.214543193404097,5.0,6.0,A,B,B,across,across,across_across,-1.0,0,1.0
932,685913.0,2.0,3.0,0.0,right,1.2413065329310484,1.0,2.0,A,A,A,within,within,within_within,-1.0,1,1.0
933,685913.0,4.0,6.0,1.0,right,1.4511016061296689,2.0,2.0,A,B,A,across,within,across_within,0.0,1,1.0
934,685913.0,4.0,7.0,1.0,left,1.5552768126945011,2.0,2.0,A,B,A,across,within,across_within,0.0,0,1.0
935,685913.0,4.0,5.0,2.0,right,2.048432335490361,1.0,1.0,A,B,A,across,within,across_within,0.0,1,1.0
936,685913.0,1.0,6.0,7.0,left,1.1378506379551254,4.0,4.0,A,B,B,across,across,across_across,0.0,0,1.0
937,685913.0,3.0,8.0,5.0,right,2.2236877771210857,4.0,2.0,A,B,B,across,across,across_across,2.0,1,1.0
938,685913.0,9.0,0.0,5.0,left,1.3780759397777729,7.0,3.0,B,A,B,across,within,across_within,4.0,0,1.0
939,685913.0,3.0,2.0,4.0,left,2.1489789881161414,1.0,1.0,A,A,A,within,within,within_within,0.0,0,1.0
940,721147.0,5.0,8.0,2.0,left,0.3066044854931533,2.0,2.0,B,B,A,within,across,within_across,0.0,0,1.0
941,721147.0,1.0,4.0,8.0,right,0.1938639860600233,2.0,5.0,A,A,B,within,across,within_across,-3.0,1,1.0
942,721147.0,4.0,3.0,5.0,left,0.2057303269393742,1.0,1.0,A,A,B,within,across,within_across,0.0,0,1.0
943,721147.0,3.0,2.0,8.0,right,0.26462615840137,1.0,4.0,A,A,B,within,across,within_across,-3.0,1,1.0
944,721147.0,5.0,1.0,9.0,left,0.2975257327780127,3.0,3.0,B,A,B,across,within,across_within,0.0,0,1.0
945,721147.0,5.0,2.0,3.0,left,0.4810582869686186,2.0,2.0,B,A,A,across,across,across_across,0.0,0,1.0
946,721147.0,8.0,2.0,9.0,right,0.2172124120406806,4.0,1.0,B,A,B,across,within,across_within,3.0,1,1.0
947,721147.0,5.0,7.0,6.0,left,0.1637559235095977,1.0,1.0,B,B,B,within,within,within_within,0.0,0,1.0
948,721147.0,7.0,5.0,0.0,left,0.4553756527602672,1.0,5.0,B,B,A,within,across,within_across,-4.0,0,1.0
949,721147.0,4.0,7.0,1.0,left,0.2088810410350561,2.0,2.0,A,B,A,across,within,across_within,0.0,0,1.0
950,721147.0,0.0,5.0,2.0,left,0.3478493164293468,4.0,2.0,A,B,A,across,within,across_within,2.0,0,1.0
951,721147.0,6.0,1.0,2.0,left,0.5053608622401953,4.0,3.0,B,A,A,across,across,across_across,1.0,0,1.0
952,721147.0,4.0,1.0,6.0,left,0.3765936191193759,2.0,2.0,A,A,B,within,across,within_across,0.0,0,1.0
953,721147.0,5.0,6.0,1.0,left,0.5327709862031043,1.0,3.0,B,B,A,within,across,within_across,-2.0,0,1.0
954,721147.0,4.0,2.0,5.0,right,0.3709725616499781,1.0,1.0,A,A,B,within,across,within_across,0.0,1,1.0
955,721147.0,5.0,8.0,3.0,left,0.0395288113504648,2.0,2.0,B,B,A,within,across,within_across,0.0,0,1.0
956,721147.0,5.0,4.0,3.0,left,0.449453349225223,1.0,2.0,B,A,A,across,across,across_across,-1.0,0,1.0
957,721147.0,8.0,6.0,1.0,right,0.2259648647159338,1.0,5.0,B,B,A,within,across,within_across,-4.0,1,1.0
958,721147.0,5.0,6.0,4.0,left,0.2762513207271695,1.0,1.0,B,B,A,within,across,within_across,0.0,0,1.0
959,721147.0,4.0,0.0,8.0,right,0.3644266352057457,3.0,3.0,A,A,B,within,across,within_across,0.0,1,1.0
